date,category,count
2025-12-18T17:16:00.018Z,crypto,1
2025-12-18T16:53:03.289Z,rev,1
2025-12-18T04:14:31.823Z,crypto,1
2025-12-18T04:03:41.038Z,misc,1
2025-12-18T04:00:28.516Z,web,1
2025-12-18T03:55:26.546Z,rev,1
2025-12-18T03:43:58.491Z,rev,1
2025-12-18T03:38:48.106Z,rev,1
2025-12-18T03:18:25.357Z,crypto,1
2025-12-18T03:14:32.341Z,crypto,1
2025-12-17T20:52:22.908Z,pwn,1
2025-12-17T20:34:21.571Z,rev,1
2025-12-17T20:32:19.046Z,rev,1
2025-12-17T20:31:03.299Z,rev,1
2025-12-06T19:37:44.143Z,crypto,1
2025-12-06T10:20:27.565Z,rev,1
2025-12-06T07:57:22.588Z,crypto,1
2025-12-06T06:51:54.074Z,rev,1
2025-12-06T04:40:41.462Z,rev,1
2025-12-05T23:59:58.081Z,jail,1
2025-12-05T23:45:16.896Z,blockchain,1
2025-12-05T23:38:14.733Z,web,1
2025-12-05T23:28:51.597Z,crypto,1
2025-12-05T23:26:15.372Z,web,1
2025-12-05T23:23:40.962Z,crypto,1
2025-11-30T21:30:43.075Z,pwn,1
2025-11-30T20:08:09.648Z,rev,1
2025-11-30T16:16:33.409Z,forensics,1
2025-11-30T15:38:31.639Z,web,1
2025-11-30T15:06:39.978Z,web,1
2025-11-30T05:23:14.979Z,programming,1
2025-11-30T05:14:11.449Z,programming,1
2025-11-30T00:21:12.331Z,pwn,1
2025-11-29T07:35:04.014Z,misc,1
2025-11-29T07:05:02.086Z,rev,1
2025-11-29T06:41:51.036Z,forensics,1
2025-11-29T06:32:56.691Z,rev,1
2025-11-29T06:28:45.137Z,rev,1
2025-11-29T06:26:43.331Z,rev,1
2025-11-29T03:56:16.220Z,pwn,1
2025-11-29T02:55:26.668Z,web,1
2025-11-29T01:57:34.457Z,rev,1
2025-11-29T01:57:03.408Z,jail,1
2025-11-29T01:15:54.204Z,web,1
2025-11-29T00:57:49.649Z,web,1
2025-11-28T22:47:49.866Z,web,1
2025-11-28T22:44:33.774Z,pwn,1
2025-11-28T22:13:29.020Z,misc,1
2025-11-28T21:47:08.361Z,programming,1
2025-11-28T21:26:07.538Z,misc,1
2025-11-28T21:23:24.408Z,rev,1
2025-11-28T21:19:13.776Z,crypto,1
2025-11-28T21:17:05.260Z,crypto,1
2025-11-23T02:08:45.403Z,misc,1
2025-11-23T00:46:50.991Z,crypto,1
2025-11-23T00:12:20.895Z,rev,1
2025-11-23T00:06:56.875Z,rev,1
2025-11-23T00:01:29.569Z,web,1
2025-11-22T08:11:53.855Z,pwn,1
2025-11-22T05:22:52.640Z,forensics,1
2025-11-22T04:55:49.636Z,web,1
2025-11-22T03:12:32.907Z,crypto,1
2025-11-22T02:01:06.231Z,pwn,1
2025-11-22T01:28:32.866Z,osint,1
2025-11-22T01:11:03.325Z,web,1
2025-11-22T00:55:25.681Z,forensics,1
2025-11-22T00:38:39.514Z,forensics,1
2025-11-22T00:38:17.703Z,osint,1
2025-11-22T00:36:27.374Z,rev,1
2025-11-22T00:24:14.162Z,osint,1
2025-11-22T00:21:52.158Z,rev,1
2025-11-22T00:21:30.162Z,osint,1
2025-11-22T00:21:16.022Z,rev,1
2025-11-22T00:19:53.864Z,rev,1
2025-11-22T00:19:37.656Z,crypto,1
2025-11-22T00:19:34.035Z,rev,1
2025-11-22T00:12:33.843Z,crypto,1
2025-11-22T00:12:26.285Z,rev,1
2025-11-22T00:08:13.137Z,crypto,1
2025-11-09T20:15:31.086Z,rev,1
2025-11-09T18:19:01.486Z,jail,1
2025-11-09T04:10:03.683Z,misc,1
2025-11-09T03:57:21.494Z,forensics,1
2025-11-09T02:59:44.165Z,pwn,1
2025-11-09T02:44:04.672Z,misc,1
2025-11-09T02:33:02.341Z,pwn,1
2025-11-09T02:21:58.306Z,forensics,1
2025-11-08T23:35:39.075Z,pwn,1
2025-11-08T23:13:22.857Z,misc,1
2025-11-08T21:22:44.469Z,crypto,1
2025-11-08T18:19:42.175Z,forensics,1
2025-11-08T16:53:15.033Z,pwn,1
2025-11-08T07:25:55.571Z,misc,1
2025-11-08T05:57:05.057Z,forensics,1
2025-11-08T05:40:30.581Z,rev,1
2025-11-08T05:33:43.583Z,blockchain,1
2025-11-08T05:16:40.955Z,misc,1
2025-11-08T04:35:39.381Z,web,1
2025-11-08T04:15:38.756Z,forensics,1
2025-11-08T04:03:24.451Z,rev,1
2025-11-08T03:40:37.952Z,crypto,1
2025-11-08T03:32:53.205Z,rev,1
2025-11-08T03:06:09.302Z,rev,1
2025-11-08T02:50:09.814Z,crypto,1
2025-11-08T02:38:43.989Z,forensics,1
2025-11-08T02:27:07.932Z,misc,1
2025-11-08T02:21:29.980Z,web,1
2025-11-08T02:19:03.688Z,pwn,1
2025-11-08T02:17:28.661Z,web,1
2025-11-08T01:58:30.844Z,web,1
2025-11-08T01:56:46.785Z,pwn,1
2025-11-08T01:51:46.115Z,pwn,1
2025-11-08T01:51:10.501Z,pwn,1
2025-11-08T01:37:08.972Z,misc,1
2025-11-08T01:21:51.702Z,pwn,1
2025-11-08T01:20:08.329Z,web,1
2025-11-08T01:14:03.698Z,web,1
2025-11-08T01:07:39.663Z,misc,1
2025-11-08T01:06:01.857Z,web,1
2025-11-08T01:00:20.206Z,jail,1
2025-11-08T00:16:41.029Z,jail,1
2025-11-02T08:14:25.795Z,rev,1
2025-11-02T08:11:05.492Z,pwn,1
2025-11-02T04:25:12.417Z,rev,1
2025-11-01T22:32:58.565Z,misc,1
2025-11-01T21:51:42.902Z,osint,1
2025-11-01T21:50:41.969Z,web,1
2025-11-01T21:18:37.831Z,rev,1
2025-11-01T21:03:21.515Z,crypto,1
2025-11-01T19:17:17.170Z,rev,1
2025-11-01T05:54:31.937Z,osint,1
2025-11-01T04:36:28.626Z,crypto,1
2025-11-01T04:35:33.768Z,crypto,1
2025-11-01T03:35:32.735Z,misc,1
2025-11-01T02:51:14.534Z,misc,1
2025-11-01T02:05:22.277Z,osint,1
2025-11-01T01:43:13.203Z,osint,1
2025-11-01T01:41:25.311Z,pwn,1
2025-11-01T01:27:49.084Z,osint,1
2025-11-01T01:19:45.136Z,rev,1
2025-11-01T01:12:56.015Z,crypto,1
2025-11-01T01:04:10.230Z,pwn,1
2025-11-01T00:38:20.849Z,osint,1
2025-11-01T00:37:38.548Z,rev,1
2025-10-31T23:39:54.228Z,osint,1
2025-10-31T23:35:12.845Z,osint,1
2025-10-31T23:33:55.160Z,osint,1
2025-10-31T23:29:03.915Z,osint,1
2025-10-31T23:07:55.368Z,web,1
2025-10-31T22:37:35.223Z,web,1
2025-10-31T22:20:33.876Z,web,1
2025-10-31T21:16:52.142Z,osint,1
2025-10-31T21:16:14.891Z,osint,1
2025-10-31T20:29:26.159Z,osint,1
2025-10-31T20:28:24.580Z,osint,1
2025-10-31T19:52:05.593Z,web,1
2025-10-31T19:38:39.780Z,crypto,1
2025-10-31T19:25:35.794Z,crypto,1
2025-10-31T19:10:59.703Z,misc,1
2025-10-31T19:09:38.075Z,rev,1
2025-10-31T18:57:45.870Z,osint,1
2025-10-31T18:53:59.293Z,osint,1
2025-10-31T18:22:38.043Z,misc,1
2025-10-27T00:26:18.043Z,misc,1
2025-10-26T23:43:53.982Z,misc,1
2025-10-26T22:02:10.951Z,misc,1
2025-10-26T21:29:10.051Z,misc,1
2025-10-26T20:47:02.334Z,misc,1
2025-10-26T20:25:18.827Z,osint,1
2025-10-26T19:44:18.548Z,osint,1
2025-10-26T08:50:25.309Z,pwn,1
2025-10-26T07:21:52.483Z,web,1
2025-10-26T06:42:58.673Z,pwn,1
2025-10-26T05:44:50.464Z,rev,1
2025-10-25T22:38:09.420Z,rev,1
2025-10-25T16:39:26.880Z,crypto,1
2025-10-25T08:31:26.580Z,web,1
2025-10-25T08:12:14.903Z,crypto,1
2025-10-25T07:57:38.024Z,crypto,1
2025-10-25T06:26:04.580Z,misc,1
2025-10-25T04:57:42.940Z,crypto,1
2025-10-25T04:24:03.216Z,web,1
2025-10-25T03:44:33.152Z,pwn,1
2025-10-25T03:43:49.367Z,pwn,1
2025-10-25T03:25:15.358Z,misc,1
2025-10-25T03:09:02.531Z,web,1
2025-10-25T03:00:47.301Z,misc,1
2025-10-25T02:45:24.447Z,misc,1
2025-10-25T02:42:42.144Z,misc,1
2025-10-25T02:37:20.154Z,osint,1
2025-10-25T02:30:48.018Z,forensics,1
2025-10-25T02:30:09.045Z,web,1
2025-10-25T02:23:54.587Z,misc,1
2025-10-25T02:13:02.618Z,misc,1
2025-10-25T02:05:57.629Z,crypto,1
2025-10-25T02:02:45.931Z,welcome,1
2025-10-24T20:02:59.817Z,web,1
2025-10-19T10:39:32.669Z,rev,1
2025-10-18T06:47:57.191Z,crypto,1
2025-10-18T03:38:05.377Z,osint,1
2025-10-18T01:50:19.863Z,pwn,1
2025-10-18T01:46:13.866Z,jail,1
2025-10-18T00:44:52.324Z,misc,1
2025-10-18T00:29:05.672Z,web,1
2025-10-18T00:15:02.464Z,misc,1
2025-10-17T23:57:45.191Z,misc,1
2025-10-17T23:51:57.383Z,crypto,1
2025-10-17T23:48:46.727Z,misc,1
2025-10-17T23:34:53.653Z,crypto,1
2025-10-06T16:15:34.929Z,jail,1
2025-10-05T16:08:28.232Z,jail,1
2025-10-04T21:40:53.405Z,jail,1
2025-10-04T01:56:30.626Z,jail,1
2025-10-03T23:52:44.916Z,jail,1
2025-10-03T21:32:58.543Z,jail,1
2025-10-03T20:29:42.604Z,jail,1
2025-09-27T12:17:52.053Z,crypto,1
2025-09-27T05:13:10.078Z,rev,1
2025-09-27T03:38:32.675Z,misc,1
2025-09-27T03:21:31.478Z,misc,1
2025-09-27T02:41:32.921Z,rev,1
2025-09-27T02:38:07.501Z,rev,1
2025-09-27T02:23:43.359Z,rev,1
2025-09-27T01:27:50.510Z,rev,1
2025-09-27T01:19:32.724Z,rev,1
2025-09-27T01:13:15.678Z,crypto,1
2025-09-27T00:50:53.302Z,rev,1
2025-09-27T00:34:48.575Z,web,1
2025-09-27T00:33:58.624Z,rev,1
2025-09-27T00:23:33.944Z,web,1
2025-09-27T00:19:08.990Z,crypto,1
2025-09-27T00:06:21.835Z,web,1
2025-09-26T23:30:18.077Z,web,1
2025-09-26T23:20:28.138Z,misc,1
2025-09-26T23:19:47.471Z,rev,1
2025-09-26T23:19:16.178Z,forensics,1
2025-09-26T22:52:57.792Z,web,1
2025-09-21T21:29:15.571Z,misc,1
2025-09-21T18:52:22.026Z,blockchain,1
2025-09-21T05:41:45.489Z,rev,1
2025-09-21T05:33:25.147Z,crypto,1
2025-09-21T04:27:07.619Z,misc,1
2025-09-20T21:59:15.890Z,web,1
2025-09-20T17:29:36.390Z,blockchain,1
2025-09-20T04:24:58.851Z,misc,1
2025-09-20T02:03:42.534Z,rev,1
2025-09-20T01:45:54.049Z,jail,1
2025-09-19T22:14:02.432Z,crypto,1
2025-09-19T21:31:37.829Z,crypto,1
2025-09-15T02:23:59.843Z,web,1
2025-09-14T18:30:50.070Z,misc,1
2025-09-14T01:17:43.782Z,rev,1
2025-09-13T22:49:19.969Z,pwn,1
2025-09-13T22:29:45.532Z,web,1
2025-09-13T22:25:54.391Z,web,1
2025-09-13T20:58:33.689Z,crypto,1
2025-09-13T20:43:38.940Z,rev,1
2025-09-13T19:25:19.819Z,crypto,1
2025-09-13T16:35:22.905Z,osint,1
2025-09-13T16:28:48.531Z,rev,1
2025-09-13T06:44:49.588Z,rev,1
2025-09-13T03:02:16.477Z,forensics,1
2025-09-13T02:53:42.052Z,forensics,1
2025-09-13T01:55:03.479Z,web,1
2025-09-13T00:34:35.630Z,misc,1
2025-09-13T00:21:27.734Z,crypto,1
2025-09-12T23:40:53.505Z,pwn,1
2025-09-12T23:06:15.875Z,rev,1
2025-09-12T22:13:13.884Z,misc,1
2025-09-07T17:22:36.559Z,crypto,1
2025-09-06T19:20:05.540Z,forensics,1
2025-09-06T19:07:17.496Z,web,1
2025-09-06T19:04:57.168Z,rev,1
2025-09-06T18:26:47.821Z,crypto,1
2025-09-06T18:24:19.578Z,pwn,1
2025-09-06T16:51:01.934Z,forensics,1
2025-09-06T15:02:40.837Z,misc,1
2025-09-06T13:43:38.535Z,crypto,1
2025-09-06T08:03:34.838Z,crypto,1
2025-09-06T06:07:27.503Z,web,1
2025-09-06T04:47:22.649Z,forensics,1
2025-09-06T04:16:48.735Z,blockchain,1
2025-09-06T04:05:13.908Z,web,1
2025-09-06T04:02:17.079Z,web,1
2025-09-06T03:49:57.380Z,misc,1
2025-09-06T03:20:02.334Z,rev,1
2025-09-06T03:17:34.487Z,pwn,1
2025-09-06T03:06:51.456Z,misc,1
2025-09-06T01:55:13.152Z,forensics,1
2025-09-05T23:33:08.978Z,pwn,1
2025-09-05T22:32:19.817Z,web,1
2025-09-05T21:53:58.663Z,web,1
2025-09-05T21:43:43.786Z,pwn,1
2025-09-05T21:42:50.576Z,rev,1
2025-09-05T21:14:42.467Z,osint,1
2025-09-05T20:32:10.871Z,rev,1
2025-08-31T23:16:43.798Z,misc,1
2025-08-31T22:32:45.625Z,web,1
2025-08-31T19:44:08.755Z,web,1
2025-08-31T18:17:11.865Z,web,1
2025-08-31T05:32:54.307Z,web,1
2025-08-31T05:18:29.956Z,crypto,1
2025-08-31T04:17:07.124Z,misc,1
2025-08-31T03:14:32.042Z,rev,1
2025-08-31T01:09:09.291Z,rev,1
2025-08-30T18:25:12.868Z,misc,1
2025-08-30T18:24:31.484Z,misc,1
2025-08-30T17:18:11.161Z,rev,1
2025-08-30T17:11:19.224Z,rev,1
2025-08-30T16:57:39.957Z,forensics,1
2025-08-30T13:28:19.751Z,crypto,1
2025-08-30T11:58:59.461Z,crypto,1
2025-08-30T11:33:16.934Z,crypto,1
2025-08-30T02:48:14.901Z,web,1
2025-08-30T02:47:52.547Z,web,1
2025-08-30T02:05:06.045Z,rev,1
2025-08-30T01:37:09.569Z,web,1
2025-08-30T00:50:56.549Z,crypto,1
2025-08-30T00:49:06.037Z,misc,1
2025-08-30T00:47:54.103Z,web,1
2025-08-30T00:47:24.761Z,pwn,1
2025-08-30T00:42:00.622Z,web,1
2025-08-16T14:53:25.144Z,rev,1
2025-08-16T13:52:35.198Z,programming,1
2025-08-16T13:34:45.241Z,web,1
2025-08-16T09:14:47.021Z,crypto,1
2025-08-03T19:45:55.727Z,programming,1
2025-08-03T05:28:00.487Z,misc,1
2025-08-02T15:48:01.365Z,rev,1
2025-07-27T22:15:40.484Z,osint,1
2025-07-27T21:03:26.262Z,pwn,1
2025-07-27T02:03:48.696Z,pwn,1
2025-07-27T02:03:11.997Z,web,1
2025-07-27T00:36:01.541Z,osint,1
2025-07-26T22:21:46.213Z,rev,1
2025-07-26T21:31:06.065Z,osint,1
2025-07-26T20:57:50.861Z,misc,1
2025-07-26T16:39:09.916Z,jail,1
2025-07-26T15:13:37.138Z,jail,1
2025-07-26T07:26:44.901Z,crypto,1
2025-07-26T06:47:37.300Z,crypto,1
2025-07-26T03:56:15.481Z,web,1
2025-07-26T02:15:27.289Z,web,1
2025-07-26T01:46:24.444Z,pwn,1
2025-07-26T01:33:51.345Z,crypto,1
2025-07-26T01:29:52.407Z,osint,1
2025-07-26T01:28:15.706Z,osint,1
2025-07-26T01:08:41.505Z,rev,1
2025-07-26T00:18:11.123Z,web,1
2025-07-19T22:29:33.688Z,osint,1
2025-07-19T22:20:21.388Z,crypto,1
2025-07-19T21:57:29.875Z,osint,1
2025-07-19T20:15:12.173Z,web,1
2025-07-19T00:12:07.825Z,rev,1
2025-07-18T23:36:51.913Z,rev,1
2025-07-18T20:44:35.330Z,web,1
2025-07-18T18:32:54.840Z,web,1
2025-07-18T18:01:31.739Z,web,1
2025-07-18T17:39:04.370Z,rev,1
2025-07-18T17:36:01.837Z,pwn,1
2025-07-18T16:38:49.828Z,pwn,1
2025-07-18T16:33:53.004Z,rev,1
2025-07-18T16:03:36.051Z,rev,1
2025-07-13T18:27:25.512Z,misc,1
2025-07-13T17:38:04.946Z,rev,1
2025-07-13T17:04:15.725Z,pwn,1
2025-07-13T08:54:33.245Z,web,1
2025-07-13T05:26:53.353Z,web,1
2025-07-12T19:50:14.880Z,misc,1
2025-07-12T17:03:09.886Z,osint,1
2025-07-12T16:55:16.792Z,osint,1
2025-06-29T03:55:48.455Z,crypto,1
2025-06-29T01:40:42.187Z,pwn,1
2025-06-16T01:46:14.822Z,rev,1
2025-06-15T08:37:17.382Z,rev,1
2025-06-15T01:17:08.577Z,osint,1
2025-06-14T21:56:46.516Z,pwn,1
2025-06-14T21:21:06.808Z,pwn,1
2025-06-14T15:01:21.481Z,pwn,1
2025-06-14T07:43:27.860Z,crypto,1
2025-06-14T02:02:46.088Z,rev,1
2025-06-08T10:33:52.678Z,crypto,1
2025-06-01T12:56:20.472Z,crypto,1
2025-06-01T06:21:47.259Z,misc,1
2025-06-01T05:06:28.763Z,pwn,1
2025-06-01T00:29:06.313Z,osint,1
2025-05-31T23:59:30.546Z,osint,1
2025-05-31T23:10:17.292Z,crypto,1
2025-05-31T23:01:42.538Z,jail,1
2025-05-31T21:43:10.994Z,web,1
2025-05-31T21:30:38.600Z,programming,1
2025-05-31T20:51:50.552Z,pwn,1
2025-05-30T20:07:12.881Z,web,1
2025-05-25T10:25:55.138Z,web,1
2025-05-25T04:48:27.524Z,crypto,1
2025-05-23T20:09:47.061Z,crypto,1
2025-05-11T22:49:06.657Z,osint,1
2025-05-11T20:36:38.172Z,crypto,1
2025-05-11T20:33:26.425Z,osint,1
2025-05-11T20:22:22.330Z,osint,1
2025-05-11T17:33:36.533Z,rev,1
2025-05-11T14:52:07.084Z,crypto,1
2025-05-11T01:13:06.057Z,pwn,1
2025-05-10T23:33:30.123Z,pwn,1
2025-05-10T23:30:06.888Z,crypto,1
2025-05-10T22:00:04.086Z,misc,1
2025-04-27T20:45:31.212Z,pwn,1
2025-04-27T16:31:34.624Z,crypto,1
2025-04-26T18:37:26.689Z,web,1
2025-04-26T12:35:14.520Z,crypto,1
2025-04-26T07:29:37.262Z,jail,1
2025-04-26T06:52:16.503Z,crypto,1
2025-04-26T06:11:41.722Z,osint,1
2025-04-26T05:40:46.368Z,misc,1
2025-04-26T04:55:45.729Z,rev,1
2025-04-26T03:12:49.967Z,rev,1
2025-04-26T01:37:23.601Z,misc,1
2025-04-26T01:20:55.189Z,web,1
2025-04-26T00:40:04.359Z,osint,1
2025-04-26T00:13:36.374Z,pwn,1
2025-04-26T00:06:59.800Z,misc,1
2025-04-26T00:06:12.528Z,osint,1
2025-04-26T00:01:32.811Z,pwn,1
2025-04-25T23:44:48.310Z,misc,1
2025-04-25T23:30:05.121Z,web,1
2025-04-25T23:25:25.147Z,osint,1
2025-04-25T23:18:55.477Z,misc,1
2025-04-25T23:18:20.895Z,misc,1
2025-04-25T23:17:19.683Z,rev,1
2025-03-30T03:49:44.287Z,rev,1
2025-03-29T22:52:21.560Z,pwn,1
2025-03-29T20:21:30.376Z,crypto,1
2025-03-29T19:52:52.570Z,misc,1
2025-03-29T18:55:47.146Z,rev,1
2025-03-29T16:45:04.401Z,crypto,1
2025-03-29T05:48:08.433Z,rev,1
2025-03-29T04:32:12.772Z,web,1
2025-03-29T01:51:19.541Z,web,1
2025-03-29T01:44:07.362Z,rev,1
2025-03-28T22:33:19.882Z,misc,1
2025-03-28T21:15:35.112Z,web,1
2025-03-23T21:51:35.757Z,rev,1
2025-03-23T21:43:46.588Z,rev,1
2025-03-23T20:27:02.860Z,rev,1
2025-03-23T16:26:43.828Z,forensics,1
2025-03-23T16:25:09.266Z,osint,1
2025-03-23T15:54:20.294Z,crypto,1
2025-03-23T15:46:23.323Z,crypto,1
2025-03-23T06:08:11.788Z,misc,1
2025-03-23T05:52:27.179Z,misc,1
2025-03-23T05:10:46.746Z,crypto,1
2025-03-23T04:39:14.621Z,web,1
2025-03-23T04:13:05.445Z,web,1
2025-03-23T04:12:26.361Z,web,1
2025-03-23T03:37:56.298Z,web,1
2025-03-23T02:30:55.273Z,web,1
2025-03-23T00:05:05.567Z,pwn,1
2025-03-22T19:45:31.103Z,pwn,1
2025-03-22T19:03:32.500Z,crypto,1
2025-03-22T18:38:48.581Z,misc,1
2025-03-22T05:04:09.153Z,pwn,1
2025-03-22T05:01:15.711Z,pwn,1
2025-03-22T04:05:48.553Z,rev,1
2025-03-22T02:52:58.790Z,misc,1
2025-03-22T02:35:02.175Z,misc,1
2025-03-22T02:34:50.406Z,web,1
2025-03-22T02:34:31.686Z,misc,1
2025-03-22T02:34:16.459Z,misc,1
2025-03-22T00:46:33.037Z,forensics,1
2025-03-22T00:42:40.222Z,web,1
2025-03-22T00:25:07.864Z,crypto,1
2025-03-22T00:23:39.781Z,rev,1
2025-03-22T00:21:17.936Z,rev,1
2025-03-15T23:18:38.014Z,osint,1
2025-03-15T22:48:12.509Z,forensics,1
2025-03-15T21:18:43.744Z,forensics,1
2025-03-15T20:23:11.794Z,web,1
2025-03-15T19:22:18.942Z,web,1
2025-03-15T03:09:05.803Z,pwn,1
2025-03-15T02:44:42.125Z,osint,1
2025-03-15T02:30:37.681Z,misc,1
2025-03-15T01:45:26.338Z,osint,1
2025-03-15T01:08:33.883Z,pwn,1
2025-03-15T00:42:30.136Z,rev,1
2025-03-15T00:37:33.821Z,crypto,1
2025-03-15T00:27:50.448Z,crypto,1
2025-03-15T00:27:47.673Z,rev,1
2025-03-15T00:09:24.034Z,rev,1
2025-03-15T00:00:49.907Z,forensics,1
2025-03-14T23:41:26.830Z,rev,1
2025-03-08T08:10:46.712Z,web,1
2025-03-08T03:05:54.326Z,pwn,1
2025-03-08T02:39:56.184Z,pwn,1
2025-03-08T02:39:41.664Z,crypto,1
2025-03-08T00:47:53.982Z,misc,1
2025-03-07T22:58:43.692Z,web,1
2025-03-07T19:57:41.480Z,misc,1
2025-03-07T19:52:50.500Z,misc,1
2025-03-02T13:14:56.309Z,crypto,1
2025-03-02T05:18:30.042Z,pwn,1
2025-03-01T19:52:37.757Z,web,1
2025-03-01T18:24:54.079Z,misc,1
2025-03-01T18:15:03.758Z,rev,1
2025-03-01T06:15:01.156Z,rev,1
2025-03-01T03:22:32.115Z,rev,1
2025-03-01T03:10:15.267Z,misc,1
2025-03-01T02:35:38.284Z,rev,1
2025-03-01T02:35:32.481Z,rev,1
2025-03-01T01:20:55.196Z,pwn,1
2025-03-01T01:18:59.069Z,web,1
2025-03-01T01:12:21.154Z,blockchain,1
2025-03-01T00:41:16.833Z,blockchain,1
2025-03-01T00:30:34.556Z,web,1
2025-02-28T20:03:17.094Z,crypto,1
2025-02-09T21:15:15.099Z,rev,1
2025-02-09T20:36:51.498Z,misc,1
2025-02-09T19:52:28.142Z,rev,1
2025-02-09T18:04:10.340Z,web,1
2025-02-09T17:47:57.427Z,web,1
2025-02-09T09:11:22.988Z,crypto,1
2025-02-09T06:48:02.169Z,web,1
2025-02-09T00:11:27.808Z,pwn,1
2025-02-08T23:06:21.782Z,rev,1
2025-02-08T20:50:29.875Z,rev,1
2025-02-08T19:48:29.578Z,rev,1
2025-02-08T19:45:51.957Z,rev,1
2025-02-08T19:04:18.303Z,rev,1
2025-02-08T08:05:12.392Z,pwn,1
2025-02-08T07:44:31.896Z,web,1
2025-02-08T06:31:03.210Z,crypto,1
2025-02-08T06:24:39.335Z,web,1
2025-02-08T05:56:53.444Z,crypto,1
2025-02-08T05:53:02.103Z,crypto,1
2025-02-08T05:41:36.090Z,web,1
2025-02-08T05:33:28.754Z,pwn,1
2025-02-08T05:26:00.965Z,rev,1
2025-02-08T05:23:55.016Z,crypto,1
2025-02-08T05:09:39.619Z,web,1
2025-02-08T05:08:22.550Z,rev,1
2025-02-08T04:55:10.695Z,osint,1
2025-02-08T04:54:53.017Z,crypto,1
2025-02-08T04:48:20.301Z,misc,1
2025-02-08T04:29:58.146Z,web,1
2025-02-08T04:29:46.948Z,misc,1
2025-02-08T04:04:10.852Z,misc,1
2025-02-08T04:00:04.125Z,misc,1
2025-02-08T02:26:20.283Z,osint,1
2025-02-07T20:50:28.726Z,forensics,1
2025-02-07T17:46:29.786Z,web,1
2025-02-07T17:18:32.038Z,pwn,1
2025-02-07T17:10:59.431Z,pwn,1
2025-02-07T14:19:17.962Z,crypto,1
2025-02-02T09:02:36.677Z,pwn,1
2025-02-02T08:52:57.638Z,crypto,1
2025-02-02T07:19:12.015Z,rev,1
2025-02-02T06:54:01.016Z,crypto,1
2025-02-02T05:20:03.949Z,pwn,1
2025-02-02T05:09:33.345Z,web,1
2025-02-02T03:26:47.122Z,pwn,1
2025-02-01T23:42:39.895Z,crypto,1
2025-02-01T23:18:49.431Z,crypto,1
2025-02-01T23:07:37.919Z,misc,1
2025-02-01T22:49:57.392Z,crypto,1
2025-02-01T22:38:09.142Z,crypto,1
2025-02-01T19:33:51.394Z,web,1
2025-02-01T19:32:09.174Z,web,1
2025-02-01T18:51:20.634Z,web,1
2025-01-26T17:46:59.055Z,crypto,1
2025-01-26T11:38:46.754Z,crypto,1
2025-01-26T07:18:27.723Z,web,1
2025-01-25T22:51:59.842Z,rev,1
2025-01-25T19:50:14.360Z,crypto,1
2025-01-25T19:47:48.425Z,crypto,1
2025-01-25T19:47:25.945Z,crypto,1
2025-01-25T19:47:03.661Z,crypto,1
2025-01-25T19:46:41.635Z,misc,1
2025-01-25T19:46:12.761Z,misc,1
2025-01-25T19:45:13.330Z,crypto,1
2025-01-25T19:44:56.443Z,misc,1
2025-01-25T19:44:31.280Z,misc,1
2025-01-25T18:29:39.265Z,web,1
2025-01-25T15:38:52.702Z,misc,1
2025-01-25T02:18:23.938Z,misc,1
2025-01-25T02:10:41.697Z,misc,1
2025-01-25T01:47:55.972Z,misc,1
2025-01-25T00:26:56.376Z,rev,1
2025-01-24T21:10:59.909Z,pwn,1
2025-01-24T18:44:54.342Z,rev,1
2024-12-28T20:30:05.428Z,crypto,1
2024-12-28T08:22:54.361Z,pwn,1
2024-12-28T06:38:09.321Z,misc,1
2024-12-27T21:29:10.738Z,crypto,1
2024-12-27T15:10:31.382Z,crypto,1
2024-12-14T17:58:53.960Z,misc,1
2024-12-14T17:46:50.851Z,web,1
2024-12-14T17:01:47.143Z,misc,1
2024-12-14T15:43:30.830Z,web,1
2024-12-14T15:33:57.468Z,web,1
2024-12-14T15:11:06.484Z,rev,1
2024-12-14T15:09:45.281Z,misc,1
2024-12-14T14:48:23.347Z,web,1
2024-12-08T00:07:47.914Z,crypto,1
2024-12-07T23:11:23.452Z,rev,1
2024-12-07T20:41:53.114Z,misc,1
2024-11-23T23:18:46.170Z,rev,1
2024-11-23T20:11:42.035Z,crypto,1
2024-11-23T19:49:21.220Z,crypto,1
2024-11-23T08:41:41.144Z,jail,1
2024-11-23T07:54:47.407Z,web,1
2024-11-23T05:20:33.908Z,blockchain,1
2024-11-23T03:53:22.641Z,blockchain,1
2024-11-23T03:17:21.225Z,blockchain,1
2024-11-23T02:38:13.862Z,blockchain,1
2024-11-23T01:20:35.407Z,misc,1
2024-11-23T01:17:12.181Z,jail,1
2024-11-23T00:50:45.931Z,web,1
2024-11-23T00:09:43.364Z,pwn,1
2024-11-22T22:08:58.790Z,crypto,1
2024-11-16T23:46:47.768Z,web,1
2024-11-16T17:56:53.309Z,rev,1
2024-11-16T05:23:59.829Z,misc,1
2024-11-16T03:41:03.989Z,rev,1
2024-11-16T02:33:23.703Z,forensics,1
2024-11-16T02:32:44.364Z,jail,1
2024-11-16T02:25:53.211Z,pwn,1
2024-11-16T01:36:48.028Z,misc,1
2024-11-16T01:11:52.154Z,forensics,1
2024-11-16T01:10:19.509Z,osint,1
2024-11-16T00:44:04.003Z,osint,1
2024-11-16T00:33:49.963Z,web,1
2024-11-16T00:19:57.464Z,misc,1
2024-11-15T23:58:44.194Z,misc,1
2024-11-15T23:14:42.258Z,misc,1
2024-11-15T22:19:23.103Z,rev,1
2024-11-15T20:38:53.683Z,pwn,1
2024-11-15T19:35:43.734Z,pwn,1
2024-11-15T19:08:16.073Z,misc,1
2024-11-15T18:03:08.882Z,crypto,1
2024-11-15T17:43:57.517Z,misc,1
2024-11-15T17:42:54.376Z,misc,1
2024-11-15T17:20:11.794Z,crypto,1
2024-11-15T17:19:16.111Z,misc,1
2024-11-15T17:03:58.190Z,pwn,1
2024-11-15T16:58:34.060Z,web,1
2024-11-15T16:55:26.674Z,pwn,1
2024-11-15T16:52:52.733Z,pwn,1
2024-11-15T16:39:43.229Z,rev,1
2024-11-15T16:27:58.887Z,welcome,1
2024-11-15T16:16:46.347Z,web,1
2024-11-15T15:49:30.180Z,osint,1
2024-11-15T15:47:50.969Z,web,1
2024-11-15T15:43:10.845Z,osint,1
2024-11-02T20:26:47.920Z,pwn,1
2024-11-02T03:17:58.244Z,web,1
2024-11-02T00:31:52.128Z,crypto,1
2024-11-02T00:00:25.144Z,pwn,1
2024-10-27T20:24:20.227Z,forensics,1
2024-10-27T17:13:48.560Z,forensics,1
2024-10-27T16:50:58.982Z,misc,1
2024-10-27T09:32:01.388Z,misc,1
2024-10-27T07:09:21.428Z,crypto,1
2024-10-27T07:05:50.362Z,rev,1
2024-10-27T06:46:27.654Z,rev,1
2024-10-27T06:43:11.969Z,programming,1
2024-10-27T01:01:39.250Z,osint,1
2024-10-26T21:31:23.953Z,forensics,1
2024-10-26T17:37:51.561Z,misc,1
2024-10-26T17:09:07.401Z,misc,1
2024-10-26T02:25:29.606Z,web,1
2024-10-26T02:14:13.379Z,misc,1
2024-10-26T02:09:43.704Z,forensics,1
2024-10-26T01:45:31.996Z,forensics,1
2024-10-26T01:38:56.308Z,osint,1
2024-10-26T01:19:00.500Z,forensics,1
2024-10-26T00:44:36.292Z,osint,1
2024-10-26T00:43:44.438Z,crypto,1
2024-10-26T00:35:43.231Z,web,1
2024-10-26T00:24:53.180Z,crypto,1
2024-10-26T00:15:04.189Z,misc,1
2024-10-26T00:11:03.979Z,misc,1
2024-10-26T00:06:25.239Z,misc,1
2024-10-25T23:56:26.294Z,misc,1
2024-10-25T23:55:10.465Z,osint,1
2024-10-25T23:45:15.295Z,forensics,1
2024-10-25T23:42:45.623Z,crypto,1
2024-10-25T23:38:48.339Z,pwn,1
2024-10-25T23:30:08.584Z,web,1
2024-10-25T23:27:59.307Z,misc,1
2024-10-25T23:26:50.756Z,misc,1
2024-10-25T23:20:25.348Z,rev,1
2024-10-25T23:13:26.426Z,web,1
2024-10-25T23:10:03.349Z,pwn,1
2024-10-20T17:03:23.451Z,crypto,1
2024-10-19T22:18:01.690Z,rev,1
2024-10-19T21:45:42.062Z,crypto,1
2024-10-19T20:23:17.999Z,misc,1
2024-10-19T19:41:48.268Z,osint,1
2024-10-19T17:13:47.273Z,rev,1
2024-10-19T16:53:58.783Z,misc,1
2024-10-19T15:51:30.254Z,misc,1
2024-10-19T15:38:23.381Z,programming,1
2024-10-19T06:48:32.715Z,pwn,1
2024-10-19T06:03:33.036Z,rev,1
2024-10-19T05:21:50.659Z,forensics,1
2024-10-19T03:33:58.211Z,web,1
2024-10-19T03:02:13.231Z,rev,1
2024-10-19T03:01:51.939Z,rev,1
2024-10-19T02:52:54.854Z,misc,1
2024-10-19T02:49:50.929Z,rev,1
2024-10-19T02:47:48.162Z,rev,1
2024-10-19T02:35:59.946Z,web,1
2024-10-19T02:27:39.280Z,rev,1
2024-10-19T02:21:05.324Z,osint,1
2024-10-19T01:45:06.867Z,rev,1
2024-10-19T01:35:38.510Z,osint,1
2024-10-19T01:25:00.731Z,forensics,1
2024-10-19T01:23:55.286Z,misc,1
2024-10-19T01:02:37.898Z,programming,1
2024-10-19T01:02:00.778Z,misc,1
2024-10-19T00:54:08.497Z,misc,1
2024-10-19T00:52:03.032Z,misc,1
2024-10-19T00:50:07.705Z,forensics,1
2024-10-19T00:48:44.738Z,misc,1
2024-10-19T00:36:30.316Z,misc,1
2024-10-19T00:33:45.050Z,forensics,1
2024-10-19T00:31:13.137Z,pwn,1
2024-10-19T00:20:57.144Z,misc,1
2024-10-19T00:20:11.184Z,misc,1
2024-10-19T00:18:44.722Z,misc,1
2024-10-19T00:11:31.296Z,misc,1
2024-10-18T23:54:57.109Z,osint,1
2024-10-18T23:54:28.632Z,osint,1
2024-10-18T23:35:57.390Z,crypto,1
2024-10-18T23:32:58.011Z,crypto,1
2024-10-18T23:25:42.577Z,crypto,1
2024-10-18T22:41:40.615Z,rev,1
2024-10-18T20:37:22.544Z,crypto,1
2024-10-18T18:58:28.430Z,web,1
2024-10-13T11:22:26.644Z,jail,1
2024-10-13T06:13:45.245Z,osint,1
2024-10-13T05:17:47.621Z,forensics,1
2024-10-13T02:15:25.151Z,misc,1
2024-10-13T01:40:02.323Z,web,1
2024-10-13T00:41:34.486Z,rev,1
2024-10-13T00:06:12.034Z,web,1
2024-10-12T23:36:39.735Z,web,1
2024-10-12T22:51:57.701Z,blockchain,1
2024-10-12T18:43:31.161Z,pwn,1
2024-10-12T17:48:40.384Z,rev,1
2024-10-12T16:22:00.839Z,rev,1
2024-10-12T15:25:27.142Z,osint,1
2024-10-12T07:44:51.940Z,osint,1
2024-10-12T06:31:22.368Z,blockchain,1
2024-10-12T06:31:06.953Z,blockchain,1
2024-10-12T04:10:58.381Z,blockchain,1
2024-10-12T02:04:52.720Z,crypto,1
2024-10-12T01:45:59.792Z,rev,1
2024-10-12T00:43:36.317Z,web,1
2024-10-12T00:21:12.528Z,rev,1
2024-10-11T23:57:23.778Z,jail,1
2024-10-11T23:24:01.252Z,web,1
2024-10-11T23:09:24.130Z,forensics,1
2024-10-11T23:02:05.280Z,osint,1
2024-10-11T22:51:55.638Z,crypto,1
2024-10-11T19:21:43.761Z,misc,1
2024-10-11T18:53:02.264Z,forensics,1
2024-10-11T17:40:22.866Z,osint,1
2024-10-11T17:29:15.571Z,rev,1
2024-10-11T16:01:19.171Z,osint,1
2024-10-11T15:35:27.556Z,osint,1
2024-10-11T14:03:27.006Z,misc,1
2024-09-29T18:25:28.946Z,web,1
2024-09-29T14:38:18.731Z,crypto,1
2024-09-29T06:09:48.471Z,pwn,1
2024-09-28T19:29:57.986Z,pwn,1
2024-09-28T05:36:13.545Z,misc,1
2024-09-28T04:38:21.334Z,forensics,1
2024-09-28T04:37:58.870Z,forensics,1
2024-09-28T04:37:15.331Z,pwn,1
2024-09-28T03:47:01.025Z,pwn,1
2024-09-28T03:30:15.791Z,web,1
2024-09-28T03:14:36.140Z,pwn,1
2024-09-28T02:52:23.316Z,forensics,1
2024-09-28T02:37:53.930Z,web,1
2024-09-28T02:32:24.015Z,misc,1
2024-09-28T02:22:36.649Z,pwn,1
2024-09-28T02:04:31.381Z,forensics,1
2024-09-28T01:45:48.760Z,forensics,1
2024-09-28T01:38:07.130Z,forensics,1
2024-09-28T01:32:39.406Z,pwn,1
2024-09-28T01:20:45.409Z,misc,1
2024-09-28T01:19:08.616Z,web,1
2024-09-28T01:09:58.714Z,crypto,1
2024-09-28T01:01:17.269Z,web,1
2024-09-28T00:58:57.211Z,misc,1
2024-09-28T00:55:04.037Z,misc,1
2024-09-28T00:47:54.757Z,rev,1
2024-09-28T00:42:37.928Z,pwn,1
2024-09-28T00:40:49.115Z,crypto,1
2024-09-28T00:38:52.877Z,rev,1
2024-09-28T00:38:36.775Z,misc,1
2024-09-28T00:36:31.129Z,crypto,1
2024-09-28T00:34:44.795Z,web,1
2024-09-28T00:21:28.335Z,pwn,1
2024-09-28T00:08:24.044Z,rev,1
2024-09-28T00:07:20.145Z,web,1
2024-09-28T00:05:35.508Z,crypto,1
2024-09-28T00:01:10.604Z,web,1
2024-09-22T03:59:23.554Z,misc,1
2024-09-22T03:33:47.054Z,crypto,1
2024-09-22T02:09:15.199Z,pwn,1
2024-09-22T00:41:44.561Z,forensics,1
2024-09-22T00:10:18.119Z,web,1
2024-09-22T00:05:41.668Z,crypto,1
2024-09-21T23:44:57.865Z,osint,1
2024-09-21T23:34:36.448Z,rev,1
2024-09-21T22:58:13.526Z,rev,1
2024-09-21T22:23:40.768Z,misc,1
2024-09-21T20:31:46.919Z,crypto,1
2024-09-21T20:29:42.393Z,crypto,1
2024-09-21T20:15:50.574Z,misc,1
2024-09-21T20:11:36.805Z,web,1
2024-09-21T16:09:36.206Z,rev,1
2024-09-21T15:50:31.340Z,misc,1
2024-09-21T05:20:34.812Z,misc,1
2024-09-21T04:57:11.248Z,misc,1
2024-09-21T04:37:27.336Z,osint,1
2024-09-21T04:05:01.271Z,web,1
2024-09-21T03:11:52.251Z,forensics,1
2024-09-21T02:46:03.338Z,pwn,1
2024-09-21T02:40:42.172Z,rev,1
2024-09-21T01:46:37.733Z,forensics,1
2024-09-21T01:37:22.301Z,crypto,1
2024-09-21T01:28:03.362Z,crypto,1
2024-09-21T01:05:21.231Z,rev,1
2024-09-21T00:44:48.771Z,forensics,1
2024-09-21T00:42:52.012Z,forensics,1
2024-09-21T00:38:48.892Z,forensics,1
2024-09-21T00:19:22.446Z,web,1
2024-09-20T23:47:21.122Z,pwn,1
2024-09-20T23:41:09.831Z,misc,1
2024-09-20T23:19:04.650Z,web,1
2024-09-20T23:13:10.978Z,rev,1
2024-09-20T23:04:08.565Z,crypto,1
2024-09-20T22:57:24.332Z,web,1
2024-09-20T22:54:12.215Z,osint,1
2024-09-20T22:50:04.304Z,rev,1
2024-09-20T22:42:02.086Z,web,1
2024-09-20T22:40:45.832Z,forensics,1
2024-09-20T22:39:33.012Z,misc,1
2024-09-20T22:35:11.592Z,osint,1
2024-09-20T22:34:37.252Z,crypto,1
2024-09-20T22:30:23.566Z,misc,1
2024-09-20T22:29:09.703Z,rev,1
2024-09-20T22:23:58.729Z,osint,1
2024-09-20T22:20:52.462Z,osint,1
2024-09-20T22:13:39.556Z,osint,1
2024-09-20T22:10:28.275Z,osint,1
2024-09-20T22:08:29.080Z,web,1
2024-09-19T22:32:46.653Z,web,1
2024-09-19T22:17:15.412Z,misc,1
2024-09-16T18:15:28.517Z,jail,1
2024-09-16T05:03:34.195Z,misc,1
2024-09-14T02:07:52.837Z,crypto,1
2024-09-14T02:00:09.880Z,jail,1
2024-09-13T21:52:45.074Z,jail,1
2024-09-13T21:30:46.374Z,web,1
2024-09-13T21:26:28.104Z,jail,1
2024-09-13T20:55:36.558Z,jail,1
2024-09-13T20:52:02.597Z,jail,1
2024-09-13T20:42:40.222Z,jail,1
2024-09-13T20:30:29.494Z,jail,1
2024-09-13T20:25:09.204Z,jail,1
2024-09-13T20:13:10.466Z,jail,1
2024-09-13T18:03:50.193Z,crypto,1
2024-09-07T16:02:15.402Z,forensics,1
2024-09-07T07:58:10.195Z,forensics,1
2024-09-07T07:57:27.432Z,forensics,1
2024-09-07T01:26:04.483Z,forensics,1
2024-09-07T01:18:28.154Z,web,1
2024-09-07T00:42:19.174Z,web,1
2024-09-06T23:49:40.763Z,web,1
2024-09-06T23:31:01.838Z,pwn,1
2024-09-06T23:10:47.361Z,crypto,1
2024-09-06T22:21:47.232Z,crypto,1
2024-09-06T21:21:42.496Z,pwn,1
2024-09-06T21:11:17.141Z,osint,1
2024-09-06T20:57:55.092Z,forensics,1
2024-09-06T20:30:17.073Z,rev,1
2024-09-06T20:00:42.177Z,osint,1
2024-09-06T19:39:34.760Z,web,1
2024-09-06T19:25:29.642Z,osint,1
2024-09-06T18:56:24.084Z,forensics,1
2024-09-06T18:54:43.447Z,crypto,1
2024-09-06T18:37:45.104Z,rev,1
2024-09-06T18:36:47.493Z,web,1
2024-09-06T18:12:06.538Z,crypto,1
2024-09-06T17:46:36.080Z,forensics,1
2024-09-06T17:36:29.132Z,pwn,1
2024-09-06T17:21:59.467Z,osint,1
2024-09-06T16:56:53.386Z,crypto,1
2024-09-06T16:26:48.311Z,forensics,1
2024-09-06T16:10:01.760Z,rev,1
2024-09-01T05:03:54.428Z,rev,1
2024-08-31T21:35:36.200Z,pwn,1
2024-08-31T21:29:30.756Z,crypto,1
2024-08-31T21:26:57.565Z,rev,1
2024-08-31T16:08:17.890Z,forensics,1
2024-08-31T08:15:42.071Z,web,1
2024-08-31T05:51:53.679Z,rev,1
2024-08-31T05:43:06.966Z,pwn,1
2024-08-31T05:16:07.793Z,misc,1
2024-08-31T04:56:13.620Z,web,1
2024-08-31T04:32:44.558Z,pwn,1
2024-08-31T04:32:41.281Z,jail,1
2024-08-31T04:07:35.329Z,web,1
2024-08-31T04:03:56.324Z,web,1
2024-08-31T03:54:05.783Z,programming,1
2024-08-31T03:24:31.426Z,pwn,1
2024-08-31T02:35:34.646Z,crypto,1
2024-08-31T02:06:33.843Z,crypto,1
2024-08-31T00:14:51.424Z,pwn,1
2024-08-31T00:13:18.077Z,pwn,1
2024-08-30T23:52:27.021Z,pwn,1
2024-08-30T23:50:17.588Z,misc,1
2024-08-30T23:48:48.210Z,web,1
2024-08-30T23:45:27.456Z,rev,1
2024-08-30T22:31:41.970Z,crypto,1
2024-08-30T22:08:38.956Z,forensics,1
2024-08-30T20:32:07.045Z,rev,1
2024-08-30T20:29:46.459Z,forensics,1
2024-08-30T20:12:16.115Z,crypto,1
2024-08-30T19:35:18.466Z,web,1
2024-08-30T19:29:11.445Z,misc,1
2024-08-30T19:16:22.050Z,misc,1
2024-08-30T18:42:44.758Z,crypto,1
2024-08-30T18:29:03.947Z,jail,1
2024-08-30T18:06:18.611Z,rev,1
2024-08-25T21:55:01.975Z,rev,1
2024-08-25T07:59:12.057Z,misc,1
2024-08-25T02:59:01.257Z,rev,1
2024-08-25T01:04:55.960Z,pwn,1
2024-08-24T21:43:05.675Z,osint,1
2024-08-24T18:01:12.385Z,misc,1
2024-08-24T16:16:35.608Z,misc,1
2024-08-24T04:55:57.492Z,web,1
2024-08-24T01:52:02.964Z,rev,1
2024-08-23T23:21:25.841Z,misc,1
2024-08-23T22:41:14.444Z,crypto,1
2024-08-23T20:02:33.861Z,web,1
2024-08-23T19:40:39.424Z,misc,1
2024-08-23T17:16:45.133Z,web,1
2024-08-23T17:10:44.992Z,rev,1
2024-08-04T08:37:34.967Z,forensics,1
2024-08-04T00:36:43.997Z,forensics,1
2024-08-03T20:42:44.582Z,crypto,1
2024-08-03T13:21:18.156Z,misc,1
2024-08-03T08:47:13.748Z,rev,1
2024-08-03T07:26:31.217Z,crypto,1
2024-08-03T07:21:06.885Z,rev,1
2024-08-03T05:48:14.086Z,crypto,1
2024-08-03T02:32:56.971Z,web,1
2024-08-02T23:05:57.841Z,forensics,1
2024-07-30T01:10:48.995Z,web,1
2024-07-29T21:19:48.880Z,rev,1
2024-07-29T21:07:41.965Z,misc,1
2024-07-29T20:56:24.198Z,misc,1
2024-07-28T17:12:01.935Z,forensics,1
2024-07-28T15:51:13.382Z,pwn,1
2024-07-28T08:16:58.353Z,misc,1
2024-07-28T00:28:11.859Z,misc,1
2024-07-27T14:08:49.616Z,crypto,1
2024-07-27T12:16:41.091Z,crypto,1
2024-07-27T08:17:46.972Z,web,1
2024-07-27T07:23:02.446Z,forensics,1
2024-07-27T06:13:05.577Z,forensics,1
2024-07-27T04:36:39.154Z,crypto,1
2024-07-27T04:24:32.384Z,web,1
2024-07-27T03:44:11.394Z,misc,1
2024-07-21T15:10:58.429Z,forensics,1
2024-07-21T14:43:04.297Z,misc,1
2024-07-21T09:04:43.826Z,web,1
2024-07-21T08:04:48.423Z,misc,1
2024-07-21T07:30:08.469Z,misc,1
2024-07-21T01:34:31.486Z,misc,1
2024-07-21T00:31:09.478Z,misc,1
2024-07-20T20:34:48.653Z,forensics,1
2024-07-20T20:18:16.757Z,rev,1
2024-07-20T19:35:26.745Z,web,1
2024-07-20T05:30:54.243Z,misc,1
2024-07-20T05:09:41.855Z,misc,1
2024-07-20T03:26:57.946Z,web,1
2024-07-19T22:00:01.553Z,rev,1
2024-07-07T04:49:15.360Z,forensics,1
2024-07-07T04:19:28.116Z,forensics,1
2024-07-07T00:42:10.938Z,misc,1
2024-07-07T00:00:35.692Z,misc,1
2024-07-06T23:48:43.737Z,web,1
2024-07-06T23:32:01.413Z,misc,1
2024-07-06T18:02:50.626Z,misc,1
2024-07-06T17:17:34.399Z,web,1
2024-07-06T10:32:30.763Z,misc,1
2024-07-06T10:25:59.436Z,misc,1
2024-07-06T03:43:46.044Z,pwn,1
2024-07-06T01:11:04.993Z,misc,1
2024-07-06T00:00:46.252Z,crypto,1
2024-07-05T23:15:53.459Z,misc,1
2024-07-05T23:10:34.323Z,forensics,1
2024-07-05T22:29:13.932Z,misc,1
2024-07-05T22:20:44.796Z,forensics,1
2024-07-05T19:30:06.107Z,web,1
2024-07-05T19:14:36.641Z,rev,1
2024-07-05T19:00:54.528Z,web,1
2024-07-05T18:36:09.726Z,web,1
2024-06-30T20:48:39.051Z,pwn,1
2024-06-30T17:17:14.321Z,crypto,1
2024-06-30T09:34:28.851Z,crypto,1
2024-06-29T21:29:50.227Z,misc,1
2024-06-29T21:06:24.633Z,misc,1
2024-06-29T17:16:47.275Z,rev,1
2024-06-29T17:10:23.215Z,crypto,1
2024-06-29T08:10:24.671Z,misc,1
2024-06-29T08:02:17.386Z,web,1
2024-06-29T07:19:27.675Z,pwn,1
2024-06-29T07:00:37.057Z,misc,1
2024-06-29T05:37:25.267Z,web,1
2024-06-29T05:34:05.600Z,misc,1
2024-06-29T05:23:55.374Z,misc,1
2024-06-29T05:17:20.729Z,rev,1
2024-06-29T04:19:04.535Z,pwn,1
2024-06-29T04:14:00.584Z,misc,1
2024-06-29T04:09:39.633Z,crypto,1
2024-06-29T03:43:22.398Z,crypto,1
2024-06-29T02:42:06.978Z,crypto,1
2024-06-29T02:00:19.086Z,crypto,1
2024-06-29T00:43:49.441Z,misc,1
2024-06-29T00:23:06.045Z,misc,1
2024-06-22T19:39:54.372Z,pwn,1
2024-06-22T16:16:11.059Z,misc,1
2024-06-22T01:52:19.002Z,crypto,1
2024-06-22T00:02:16.574Z,misc,1
2024-06-15T15:05:01.915Z,pwn,1
2024-06-15T12:24:54.549Z,pwn,1
2024-06-15T07:16:29.071Z,misc,1
2024-06-15T04:16:18.114Z,crypto,1
2024-06-15T03:39:53.927Z,crypto,1
2024-06-15T01:27:08.290Z,misc,1
2024-06-14T22:13:47.385Z,misc,1
2024-06-14T21:51:42.758Z,web,1
2024-06-14T21:24:32.654Z,rev,1
2024-06-14T18:47:28.242Z,rev,1
2024-06-14T18:24:21.569Z,crypto,1
2024-06-09T09:13:17.545Z,misc,1
2024-06-09T08:13:06.716Z,crypto,1
2024-06-09T06:19:35.782Z,misc,1
2024-06-09T05:41:45.652Z,web,1
2024-06-09T02:28:08.919Z,crypto,1
2024-06-09T01:11:18.062Z,misc,1
2024-06-08T19:36:03.112Z,rev,1
2024-06-08T19:02:17.097Z,crypto,1
2024-06-08T09:32:32.462Z,crypto,1
2024-06-08T05:32:17.139Z,misc,1
2024-06-08T05:19:22.316Z,misc,1
2024-06-08T04:21:16.075Z,forensics,1
2024-06-08T03:29:39.319Z,rev,1
2024-06-08T00:29:22.123Z,web,1
2024-06-08T00:02:40.648Z,rev,1
2024-06-07T20:20:33.571Z,rev,1
2024-06-07T20:18:19.052Z,misc,1
2024-06-07T17:09:29.961Z,misc,1
2024-06-01T17:11:50.012Z,web,1
2024-06-01T03:44:22.980Z,pwn,1
2024-06-01T02:41:26.695Z,web,1
2024-06-01T01:54:40.032Z,misc,1
2024-05-31T23:19:04.329Z,misc,1
2024-05-31T22:51:15.806Z,web,1
2024-05-31T22:37:17.299Z,web,1
2024-05-31T19:02:54.111Z,web,1
2024-05-31T14:35:01.355Z,crypto,1
2024-05-31T14:28:07.797Z,web,1
2024-05-31T13:17:12.539Z,web,1
2024-05-31T12:45:07.176Z,web,1
2024-05-31T12:23:05.856Z,web,1
2024-05-31T12:22:37.658Z,pwn,1
2024-05-31T12:17:00.935Z,rev,1
2024-05-31T12:00:30.087Z,web,1
2024-05-25T05:08:40.352Z,web,1
2024-05-25T04:49:21.967Z,misc,1
2024-05-25T02:50:36.303Z,crypto,1
2024-05-25T02:32:06.959Z,forensics,1
2024-05-25T02:26:48.316Z,rev,1
2024-05-25T02:09:41.747Z,rev,1
2024-05-25T01:21:51.878Z,rev,1
2024-05-25T00:15:55.731Z,rev,1
2024-05-24T23:54:14.686Z,rev,1
2024-05-24T22:42:05.858Z,forensics,1
2024-05-24T22:03:05.248Z,misc,1
2024-05-24T20:59:02.859Z,misc,1
2024-05-24T20:32:58.216Z,misc,1
2024-05-24T20:24:55.394Z,misc,1
2024-05-24T19:30:00.385Z,misc,1
2024-05-24T12:57:01.673Z,misc,1
2024-05-24T09:48:37.818Z,misc,1
2024-05-24T07:00:53.532Z,rev,1
2024-05-24T06:31:42.670Z,web,1
2024-05-24T05:16:09.153Z,misc,1
2024-05-24T02:37:13.248Z,rev,1
2024-05-24T02:19:14.831Z,rev,1
2024-05-24T01:48:08.665Z,rev,1
2024-05-24T01:33:19.942Z,rev,1
2024-05-24T01:25:29.801Z,forensics,1
2024-05-24T00:51:09.435Z,misc,1
2024-05-24T00:35:29.162Z,web,1
2024-05-24T00:34:29.152Z,misc,1
2024-05-24T00:13:10.032Z,rev,1
2024-05-23T23:33:01.548Z,misc,1
2024-05-23T23:17:22.456Z,crypto,1
2024-05-23T22:43:22.573Z,web,1
2024-05-23T22:24:45.034Z,web,1
2024-05-23T21:45:21.239Z,web,1
2024-05-23T21:19:21.773Z,misc,1
2024-05-23T21:17:18.910Z,crypto,1
2024-05-23T21:10:12.960Z,rev,1
2024-05-23T20:57:27.326Z,misc,1
2024-05-23T20:50:46.625Z,pwn,1
2024-05-23T20:26:00.781Z,misc,1
2024-05-23T20:10:13.838Z,misc,1
2024-05-23T19:32:24.838Z,misc,1
2024-05-19T11:15:27.159Z,crypto,1
2024-05-19T05:56:11.055Z,rev,1
2024-05-19T04:21:10.131Z,crypto,1
2024-05-19T03:18:11.517Z,crypto,1
2024-05-19T01:45:59.772Z,crypto,1
2024-05-19T01:08:25.745Z,rev,1
2024-05-18T23:20:23.473Z,misc,1
2024-05-18T17:42:23.359Z,crypto,1
2024-05-18T06:54:59.069Z,rev,1
2024-05-18T06:11:16.489Z,rev,1
2024-05-18T06:06:31.331Z,misc,1
2024-05-18T05:15:00.452Z,crypto,1
2024-05-18T02:55:16.952Z,crypto,1
2024-05-18T01:53:10.370Z,pwn,1
2024-05-18T01:35:41.634Z,forensics,1
2024-05-18T00:14:32.256Z,web,1
2024-05-17T23:41:15.890Z,rev,1
2024-05-17T22:51:00.591Z,forensics,1
2024-05-17T20:41:55.616Z,web,1
2024-05-17T20:21:21.764Z,web,1
2024-05-17T20:11:35.282Z,web,1
2024-05-17T20:09:30.653Z,web,1
2024-05-17T20:08:02.736Z,pwn,1
2024-05-17T20:05:57.242Z,web,1
2024-05-17T19:43:27.532Z,misc,1
2024-05-17T19:14:03.292Z,pwn,1
2024-05-17T19:09:13.734Z,web,1
2024-05-17T19:04:41.273Z,misc,1
2024-05-17T19:03:54.580Z,crypto,1
2024-05-17T18:50:43.370Z,web,1
2024-05-17T18:48:05.414Z,pwn,1
2024-05-12T00:41:10.643Z,web,1
2024-05-11T08:41:49.868Z,misc,1
2024-05-11T07:49:23.640Z,forensics,1
2024-05-11T06:40:18.072Z,web,1
2024-05-11T06:24:24.649Z,crypto,1
2024-05-11T05:57:36.806Z,crypto,1
2024-05-11T04:01:22.873Z,pwn,1
2024-05-11T03:14:09.151Z,pwn,1
2024-05-11T02:21:55.700Z,rev,1
2024-04-28T16:13:50.101Z,misc,1
2024-04-28T07:58:30.691Z,misc,1
2024-04-28T06:21:05.201Z,misc,1
2024-04-28T06:07:43.349Z,web,1
2024-04-28T00:50:03.206Z,pwn,1
2024-04-27T23:46:15.317Z,pwn,1
2024-04-27T17:16:02.077Z,pwn,1
2024-04-27T08:48:01.536Z,crypto,1
2024-04-27T06:49:05.300Z,misc,1
2024-04-27T04:33:50.487Z,rev,1
2024-04-27T02:33:15.269Z,misc,1
2024-04-27T02:32:57.896Z,rev,1
2024-04-27T02:24:02.100Z,rev,1
2024-04-27T01:50:38.398Z,misc,1
2024-04-27T01:44:31.496Z,misc,1
2024-04-27T01:25:21.553Z,misc,1
2024-04-27T01:11:44.139Z,web,1
2024-04-27T00:12:02.700Z,misc,1
2024-04-26T23:02:21.923Z,pwn,1
2024-04-26T22:41:22.439Z,web,1
2024-04-21T19:14:18.022Z,misc,1
2024-04-21T01:55:07.327Z,misc,1
2024-04-21T01:45:11.537Z,crypto,1
2024-04-20T18:36:12.590Z,crypto,1
2024-04-20T09:02:55.864Z,rev,1
2024-04-20T08:41:33.693Z,web,1
2024-04-20T08:14:13.698Z,crypto,1
2024-04-20T07:59:15.485Z,misc,1
2024-04-20T07:11:24.773Z,misc,1
2024-04-20T06:51:23.521Z,crypto,1
2024-04-20T06:49:00.994Z,misc,1
2024-04-20T06:36:50.638Z,rev,1
2024-04-20T06:36:33.093Z,rev,1
2024-04-20T06:36:04.811Z,rev,1
2024-04-20T06:35:27.356Z,rev,1
2024-04-20T06:30:30.569Z,web,1
2024-04-20T05:52:29.068Z,misc,1
2024-04-20T05:15:08.299Z,web,1
2024-04-20T05:09:19.635Z,pwn,1
2024-04-20T04:57:41.872Z,misc,1
2024-04-20T04:52:13.737Z,pwn,1
2024-04-20T04:49:39.361Z,web,1
2024-04-20T04:09:21.753Z,misc,1
2024-04-20T03:14:05.641Z,misc,1
2024-04-20T03:00:05.963Z,web,1
2024-04-20T02:59:46.157Z,misc,1
2024-04-20T02:40:17.202Z,pwn,1
2024-04-20T02:15:55.125Z,forensics,1
2024-04-20T01:38:32.084Z,misc,1
2024-04-20T01:05:35.367Z,misc,1
2024-04-20T00:49:26.301Z,web,1
2024-04-20T00:48:55.183Z,rev,1
2024-04-20T00:47:47.333Z,rev,1
2024-04-20T00:37:17.988Z,web,1
2024-04-20T00:25:30.489Z,web,1
2024-04-19T23:05:06.406Z,crypto,1
2024-04-13T06:33:13.109Z,crypto,1
2024-04-13T06:27:55.882Z,misc,1
2024-04-13T06:18:30.926Z,web,1
2024-04-13T05:53:13.229Z,web,1
2024-04-01T20:54:25.969Z,crypto,1
2024-04-01T04:44:14.386Z,misc,1
2024-04-01T03:57:22.141Z,misc,1
2024-03-31T02:58:46.665Z,crypto,1
2024-03-30T20:55:33.859Z,crypto,1
2024-03-30T19:43:49.263Z,crypto,1
2024-03-30T17:10:25.976Z,web,1
2024-03-30T05:00:51.072Z,web,1
2024-03-30T03:32:01.868Z,rev,1
2024-03-30T02:40:55.832Z,misc,1
2024-03-30T02:32:36.880Z,misc,1
2024-03-30T01:17:51.627Z,misc,1
2024-03-30T00:56:27.201Z,misc,1
2024-03-30T00:49:04.174Z,crypto,1
2024-03-30T00:43:27.297Z,misc,1
2024-03-30T00:41:06.983Z,misc,1
2024-03-30T00:33:43.169Z,web,1
2024-03-30T00:15:04.148Z,misc,1
2024-03-30T00:14:01.592Z,misc,1
2024-03-30T00:13:21.029Z,misc,1
2024-03-30T00:10:23.167Z,crypto,1
2024-03-30T00:08:55.733Z,pwn,1
2024-03-29T23:51:09.662Z,misc,1
2024-03-29T23:47:51.659Z,misc,1
2024-03-29T23:38:35.853Z,misc,1
2024-03-29T23:09:36.671Z,misc,1
2024-03-23T08:38:54.155Z,web,1
2024-03-23T08:37:14.010Z,web,1
2024-03-23T03:57:26.446Z,web,1
2024-03-23T02:28:19.322Z,web,1
2024-03-23T01:05:00.980Z,web,1
2024-03-03T02:40:07.834Z,misc,1
2024-03-03T01:02:16.762Z,web,1
2024-03-02T18:24:31.182Z,crypto,1
2024-03-02T10:14:01.844Z,misc,1
2024-03-02T06:28:52.634Z,misc,1
2024-03-02T05:37:41.766Z,misc,1
2024-03-02T05:20:07.722Z,rev,1
2024-03-02T04:36:12.596Z,misc,1
2024-03-02T03:45:59.510Z,misc,1
2024-03-02T03:10:14.551Z,pwn,1
2024-03-02T02:55:29.109Z,misc,1
2024-03-02T01:45:54.951Z,misc,1
2024-03-02T01:20:43.868Z,forensics,1
2024-03-02T00:38:15.991Z,misc,1
2024-03-02T00:36:08.384Z,misc,1
2024-03-01T23:25:48.310Z,crypto,1
2024-03-01T23:21:13.055Z,misc,1
2024-03-01T22:45:17.748Z,web,1
2024-03-01T22:09:25.573Z,crypto,1
2024-03-01T21:18:34.152Z,misc,1
2024-03-01T20:14:30.147Z,misc,1
2024-03-01T19:35:41.401Z,forensics,1
2024-03-01T19:31:59.242Z,crypto,1
2024-03-01T19:08:12.461Z,pwn,1
2024-03-01T18:47:40.806Z,rev,1
2024-03-01T18:10:50.229Z,misc,1
2024-03-01T18:05:03.040Z,crypto,1
2024-03-01T17:58:39.628Z,misc,1
2024-03-01T17:31:16.432Z,misc,1
2024-03-01T17:15:19.293Z,web,1
2024-02-25T13:20:19.597Z,misc,1
2024-02-25T03:52:01.859Z,rev,1
2024-02-25T03:29:46.223Z,misc,1
2024-02-25T00:48:30.127Z,misc,1
2024-02-24T22:10:26.471Z,crypto,1
2024-02-24T05:19:50.391Z,crypto,1
2024-02-24T03:08:54.434Z,rev,1
2024-02-24T01:03:50.436Z,crypto,1
2024-02-24T00:46:50.763Z,pwn,1
2024-02-24T00:12:05.560Z,crypto,1
2024-02-23T23:05:02.418Z,crypto,1
2024-02-23T22:21:05.654Z,misc,1
2024-02-23T17:29:19.241Z,misc,1
2024-02-23T17:01:25.723Z,web,1
2024-02-18T08:28:04.099Z,pwn,1
2024-02-18T06:37:27.798Z,rev,1
2024-02-18T06:34:49.868Z,pwn,1
2024-02-18T04:57:04.860Z,rev,1
2024-02-18T04:20:14.260Z,misc,1
2024-02-17T23:26:23.748Z,rev,1
2024-02-17T19:40:32.811Z,misc,1
2024-02-17T18:54:35.799Z,web,1
2024-02-17T17:16:34.024Z,misc,1
2024-02-17T09:44:19.824Z,crypto,1
2024-02-17T09:32:57.652Z,rev,1
2024-02-17T08:53:52.098Z,web,1
2024-02-17T07:34:53.196Z,web,1
2024-02-17T06:58:12.852Z,misc,1
2024-02-17T06:19:03.826Z,misc,1
2024-02-17T05:56:01.434Z,crypto,1
2024-02-17T05:53:44.810Z,misc,1
2024-02-17T05:25:36.044Z,web,1
2024-02-17T05:23:22.662Z,crypto,1
2024-02-17T05:16:29.964Z,pwn,1
2024-02-17T05:00:43.988Z,misc,1
2024-02-17T04:39:52.573Z,web,1
2024-02-17T04:38:43.567Z,misc,1
2024-02-17T04:29:41.279Z,rev,1
2024-02-17T04:27:37.239Z,misc,1
2024-02-17T04:27:30.892Z,crypto,1
2024-02-17T04:16:38.151Z,rev,1
2024-02-17T04:11:28.006Z,rev,1
2024-02-17T04:09:46.830Z,misc,1
2024-02-17T04:03:22.952Z,web,1
2024-02-17T04:02:38.470Z,web,1
2024-02-17T02:59:39.124Z,web,1
2024-02-16T23:55:08.438Z,rev,1
2024-02-16T23:47:47.365Z,web,1
2024-02-10T07:39:49.158Z,misc,1
2024-02-10T02:50:58.961Z,forensics,1
2024-02-10T02:37:50.089Z,forensics,1
2024-02-10T01:20:08.066Z,crypto,1
2024-02-10T01:19:10.610Z,crypto,1
2024-02-09T23:07:22.831Z,forensics,1
2024-02-09T22:54:27.435Z,misc,1
2024-02-09T22:51:15.470Z,rev,1
2024-02-09T22:28:11.425Z,misc,1
2024-02-09T22:01:06.194Z,forensics,1
2024-02-09T21:46:23.403Z,web,1
2024-02-09T21:35:48.594Z,forensics,1
2024-02-09T21:30:17.263Z,misc,1
2024-02-09T18:08:56.950Z,misc,1
2024-02-09T17:56:50.117Z,web,1
2024-02-09T17:48:45.998Z,forensics,1
2024-02-09T17:45:05.359Z,web,1
2024-02-09T17:30:23.005Z,misc,1
2024-02-09T17:20:18.812Z,web,1
2024-02-03T01:55:00.977Z,web,1
2024-02-03T00:28:04.757Z,crypto,1
2024-02-03T00:01:53.129Z,misc,1
2024-02-02T23:58:23.150Z,misc,1
2024-02-02T22:48:04.081Z,web,1
2024-02-02T22:18:14.514Z,web,1
2024-02-02T21:22:47.310Z,web,1
2024-01-27T22:49:42.271Z,web,1
2024-01-27T07:09:58.459Z,rev,1
2024-01-27T04:34:12.208Z,crypto,1
2024-01-27T00:00:46.901Z,misc,1
2023-12-08T04:28:45.950Z,misc,1
2023-12-06T18:19:36.830Z,misc,1
2023-12-06T03:49:46.340Z,misc,1
2023-12-06T00:06:11.504Z,crypto,1
2023-12-05T23:45:28.204Z,misc,1
2023-12-05T04:02:12.361Z,rev,1
2023-12-05T03:42:44.430Z,misc,1
2023-12-05T03:17:03.138Z,misc,1
2023-12-05T01:13:06.403Z,misc,1
2023-12-04T15:59:10.741Z,misc,1
2023-12-04T05:23:07.782Z,rev,1
2023-12-04T02:28:12.233Z,pwn,1
2023-12-03T23:38:38.641Z,misc,1
2023-12-03T09:24:41.620Z,web,1
2023-12-03T07:56:08.963Z,misc,1
2023-12-02T21:45:01.675Z,misc,1
2023-12-02T20:19:06.587Z,misc,1
2023-12-02T19:14:02.942Z,misc,1
2023-12-02T08:10:04.652Z,forensics,1
2023-12-02T07:28:24.100Z,crypto,1
2023-12-02T03:33:59.108Z,forensics,1
2023-12-02T02:44:20.696Z,crypto,1
2023-12-02T02:25:02.368Z,misc,1
2023-12-02T00:57:28.023Z,misc,1
2023-12-01T22:44:25.208Z,misc,1
2023-12-01T22:27:44.884Z,misc,1
2023-12-01T22:11:13.854Z,misc,1
2023-12-01T21:41:16.377Z,web,1
2023-12-01T19:09:23.776Z,misc,1
2023-12-01T19:05:39.614Z,misc,1
2023-12-01T19:03:16.038Z,pwn,1
2023-11-18T05:52:15.490Z,misc,1
2023-11-18T02:53:52.001Z,misc,1
2023-11-18T02:31:10.213Z,crypto,1
2023-11-18T01:29:46.651Z,misc,1
2023-11-18T00:37:12.751Z,misc,1
2023-11-17T22:44:54.022Z,forensics,1
2023-11-17T22:04:25.289Z,rev,1
2023-11-17T21:57:23.691Z,rev,1
2023-11-17T21:15:42.610Z,web,1
2023-11-17T20:58:53.450Z,web,1
2023-11-17T20:55:15.293Z,pwn,1
2023-11-17T20:31:50.366Z,web,1
2023-11-17T19:25:25.174Z,misc,1
2023-11-17T19:25:06.698Z,crypto,1
2023-11-05T05:18:43.057Z,crypto,1
2023-11-05T04:36:35.947Z,crypto,1
2023-11-04T19:49:27.965Z,misc,1
2023-11-04T19:11:50.161Z,misc,1
2023-11-04T18:49:43.743Z,web,1
2023-10-29T04:01:53.211Z,web,1
2023-10-29T00:04:51.283Z,web,1
2023-10-28T23:48:13.015Z,forensics,1
2023-10-28T23:30:49.336Z,forensics,1
2023-10-28T22:54:02.402Z,misc,1
2023-10-28T22:26:33.920Z,misc,1
2023-10-28T20:19:39.183Z,forensics,1
2023-10-28T16:39:05.926Z,pwn,1
2023-10-28T15:14:20.415Z,pwn,1
2023-10-28T09:55:22.376Z,web,1
2023-10-28T07:35:22.378Z,misc,1
2023-10-28T07:12:51.426Z,rev,1
2023-10-28T06:57:11.315Z,forensics,1
2023-10-28T05:54:51.620Z,misc,1
2023-10-28T05:43:45.939Z,crypto,1
2023-10-28T05:33:52.500Z,crypto,1
2023-10-28T05:33:34.792Z,crypto,1
2023-10-28T05:33:20.320Z,crypto,1
2023-10-28T05:32:28.704Z,crypto,1
2023-10-28T05:03:27.132Z,misc,1
2023-10-28T04:50:36.011Z,misc,1
2023-10-28T04:21:35.719Z,crypto,1
2023-10-28T04:17:37.164Z,crypto,1
2023-10-28T04:14:33.846Z,misc,1
2023-10-28T04:11:44.287Z,crypto,1
2023-10-28T03:57:27.408Z,crypto,1
2023-10-28T03:56:16.398Z,rev,1
2023-10-28T03:54:53.137Z,crypto,1
2023-10-28T03:53:45.629Z,misc,1
2023-10-28T03:50:30.521Z,crypto,1
2023-10-28T03:47:49.990Z,pwn,1
2023-10-28T03:25:11.783Z,crypto,1
2023-10-28T03:24:48.807Z,misc,1
2023-10-28T03:24:32.885Z,misc,1
2023-10-28T03:19:06.049Z,crypto,1
2023-10-28T03:16:43.681Z,crypto,1
2023-10-28T03:01:07.091Z,crypto,1
2023-10-28T02:59:30.907Z,crypto,1
2023-10-28T02:52:41.659Z,web,1
2023-10-28T02:43:27.013Z,web,1
2023-10-28T02:41:48.359Z,misc,1
2023-10-28T02:40:30.975Z,web,1
2023-10-28T02:29:49.874Z,misc,1
2023-10-28T01:59:51.019Z,forensics,1
2023-10-28T01:42:09.665Z,misc,1
2023-10-28T01:37:39.763Z,pwn,1
2023-10-28T01:14:12.178Z,crypto,1
2023-10-28T00:29:11.201Z,misc,1
2023-10-28T00:28:26.670Z,crypto,1
2023-10-28T00:27:09.297Z,web,1
2023-10-28T00:27:06.608Z,misc,1
2023-10-28T00:26:48.991Z,misc,1
2023-10-28T00:23:43.243Z,forensics,1
2023-10-28T00:22:37.012Z,misc,1
2023-10-28T00:20:10.790Z,web,1
2023-10-28T00:19:59.803Z,crypto,1
2023-10-15T12:35:11.815Z,forensics,1
2023-10-15T10:46:38.462Z,rev,1
2023-10-15T10:45:37.960Z,forensics,1
2023-10-15T08:46:39.862Z,misc,1
2023-10-15T07:38:24.564Z,web,1
2023-10-15T05:58:57.303Z,forensics,1
2023-10-15T04:23:22.140Z,crypto,1
2023-10-15T02:28:02.757Z,misc,1
2023-10-15T02:26:23.568Z,pwn,1
2023-10-15T02:12:27.847Z,web,1
2023-10-15T00:19:40.784Z,misc,1
2023-10-14T21:44:49.926Z,rev,1
2023-10-14T21:43:35.015Z,misc,1
2023-10-14T17:20:35.234Z,pwn,1
2023-10-14T15:37:17.498Z,misc,1
2023-10-14T12:31:22.751Z,misc,1
2023-10-14T09:28:21.501Z,web,1
2023-10-14T01:55:44.978Z,crypto,1
2023-10-14T01:08:58.146Z,pwn,1
2023-10-13T23:53:23.877Z,crypto,1
2023-10-13T23:44:57.011Z,web,1
2023-10-13T23:38:26.952Z,rev,1
2023-10-13T22:40:10.676Z,forensics,1
2023-10-13T21:30:46.605Z,misc,1
2023-10-13T21:08:36.887Z,crypto,1
2023-10-13T20:54:33.473Z,web,1
2023-10-13T20:44:22.578Z,crypto,1
2023-10-13T20:39:50.641Z,misc,1
2023-10-13T20:11:31.502Z,forensics,1
2023-10-13T20:10:26.573Z,misc,1
2023-10-13T19:36:04.796Z,web,1
2023-10-13T18:16:27.438Z,misc,1
2023-10-13T16:43:30.351Z,web,1
2023-10-13T16:37:09.097Z,misc,1
2023-10-13T15:43:43.036Z,pwn,1
2023-10-13T15:40:24.578Z,forensics,1
2023-10-13T15:17:42.072Z,rev,1
2023-10-13T15:01:49.056Z,rev,1
2023-10-13T14:53:25.340Z,misc,1
2023-10-13T14:23:30.911Z,web,1
2023-10-01T20:59:07.038Z,pwn,1
2023-10-01T20:24:26.446Z,misc,1
2023-10-01T20:10:43.316Z,misc,1
2023-10-01T20:09:35.469Z,misc,1
2023-10-01T20:09:30.820Z,misc,1
2023-10-01T20:09:19.714Z,misc,1
2023-10-01T20:09:05.704Z,web,1
2023-10-01T20:08:54.069Z,crypto,1
2023-10-01T20:08:44.626Z,web,1
2023-10-01T20:08:25.741Z,misc,1
2023-10-01T20:08:20.163Z,rev,1
2023-10-01T20:08:07.970Z,misc,1
2023-10-01T20:07:55.444Z,misc,1
2023-10-01T20:07:50.290Z,web,1
2023-10-01T20:07:39.628Z,web,1
2023-10-01T20:07:27.298Z,web,1
2023-10-01T20:07:01.840Z,web,1
2023-10-01T20:05:56.882Z,web,1
2023-10-01T20:05:44.077Z,web,1
2023-10-01T20:05:27.753Z,web,1
2023-10-01T20:03:00.257Z,misc,1
2023-10-01T20:02:48.944Z,misc,1
2023-10-01T20:01:54.000Z,misc,1
2023-09-03T02:40:06.855Z,web,1
2023-09-03T01:37:27.885Z,web,1
2023-09-02T15:57:41.270Z,web,1
2023-09-02T07:20:19.217Z,misc,1
2023-09-02T04:37:03.003Z,pwn,1
2023-09-02T04:08:25.458Z,rev,1
2023-09-02T03:19:42.750Z,rev,1
2023-09-02T02:35:58.846Z,misc,1
2023-09-02T02:07:09.258Z,misc,1
2023-09-02T02:03:14.790Z,misc,1
2023-09-02T02:02:44.835Z,misc,1
2023-09-02T01:41:12.664Z,pwn,1
2023-09-02T01:40:19.304Z,misc,1
2023-09-02T01:25:00.881Z,misc,1
2023-09-02T00:47:09.934Z,pwn,1
2023-09-02T00:05:35.999Z,crypto,1
2023-09-01T23:57:34.636Z,misc,1
2023-09-01T23:37:01.366Z,misc,1
2023-09-01T23:31:47.592Z,misc,1
2023-09-01T23:24:32.763Z,misc,1
2023-09-01T23:11:34.406Z,misc,1
2023-09-01T23:03:00.913Z,web,1
2023-09-01T22:30:42.346Z,web,1
2023-09-01T21:28:13.652Z,crypto,1
2023-09-01T21:15:12.369Z,crypto,1
2023-09-01T21:12:30.626Z,misc,1
2023-09-01T20:58:27.419Z,crypto,1
2023-09-01T19:23:20.003Z,web,1
2023-09-01T18:29:13.394Z,pwn,1
2023-09-01T18:11:34.117Z,rev,1
2023-09-01T17:53:59.128Z,misc,1
2023-09-01T17:41:47.647Z,misc,1
2023-09-01T17:24:44.376Z,misc,1
2023-08-27T18:06:42.722Z,misc,1
2023-08-27T15:35:00.886Z,forensics,1
2023-08-27T06:17:24.760Z,misc,1
2023-08-26T20:49:39.118Z,web,1
2023-08-26T01:29:52.784Z,pwn,1
2023-08-25T21:01:02.501Z,misc,1
2023-08-25T20:00:39.821Z,forensics,1
2023-08-25T19:58:56.121Z,rev,1
2023-08-25T19:56:19.020Z,web,1
2023-07-02T22:08:40.624Z,rev,1
2023-07-02T20:26:46.972Z,rev,1
2023-07-02T18:59:04.917Z,rev,1
2023-07-02T00:28:28.382Z,rev,1
2023-07-01T23:49:56.284Z,misc,1
2023-07-01T22:36:37.470Z,misc,1
2023-07-01T19:17:27.022Z,pwn,1
2023-07-01T16:13:17.139Z,pwn,1
2023-07-01T04:48:39.606Z,web,1
2023-07-01T04:42:20.011Z,crypto,1
2023-07-01T03:43:14.029Z,misc,1
2023-07-01T03:32:51.966Z,forensics,1
2023-07-01T03:30:24.066Z,forensics,1
2023-07-01T03:23:29.300Z,forensics,1
2023-07-01T03:18:25.592Z,misc,1
2023-07-01T03:00:20.865Z,misc,1
2023-07-01T02:22:34.780Z,pwn,1
2023-07-01T02:07:17.722Z,crypto,1
2023-07-01T02:06:25.678Z,misc,1
2023-07-01T01:54:45.586Z,crypto,1
2023-07-01T00:42:28.269Z,crypto,1
2023-07-01T00:34:51.675Z,crypto,1
2023-07-01T00:32:16.641Z,crypto,1
2023-07-01T00:27:48.137Z,misc,1
2023-07-01T00:26:21.650Z,misc,1
2023-06-25T07:24:35.126Z,rev,1
2023-06-25T04:58:07.252Z,pwn,1
2023-06-24T20:28:46.596Z,rev,1
2023-06-24T20:02:01.533Z,misc,1
2023-06-24T19:35:07.184Z,misc,1
2023-06-24T18:56:20.984Z,pwn,1
2023-06-24T03:21:46.432Z,pwn,1
2023-06-24T00:33:33.712Z,pwn,1
2023-06-23T22:34:18.638Z,crypto,1
2023-06-23T21:32:55.079Z,web,1
2023-06-17T06:09:27.072Z,misc,1
2023-06-17T04:57:13.732Z,misc,1
2023-06-17T03:48:11.733Z,forensics,1
2023-06-17T03:45:16.966Z,misc,1
2023-06-17T03:40:53.929Z,misc,1
2023-06-17T02:09:53.193Z,misc,1
2023-06-17T01:53:47.384Z,misc,1
2023-06-17T00:51:32.612Z,misc,1
2023-06-16T23:26:59.158Z,web,1
2023-06-16T19:31:49.569Z,misc,1
2023-06-16T06:24:27.816Z,web,1
2023-06-16T05:07:51.605Z,web,1
2023-06-16T03:39:41.485Z,misc,1
2023-06-16T03:26:41.039Z,misc,1
2023-06-16T03:12:10.130Z,crypto,1
2023-06-16T02:47:53.928Z,crypto,1
2023-06-16T02:30:06.223Z,pwn,1
2023-06-16T02:24:25.839Z,misc,1
2023-06-16T02:16:22.881Z,pwn,1
2023-06-16T01:49:03.831Z,misc,1
2023-06-16T01:44:45.724Z,misc,1
2023-06-16T01:38:21.443Z,misc,1
2023-06-16T01:31:39.135Z,misc,1
2023-06-16T01:26:52.177Z,misc,1
2023-06-16T01:26:23.930Z,misc,1
2023-06-16T01:09:26.955Z,misc,1
2023-06-16T01:03:44.003Z,misc,1
2023-06-16T00:51:59.403Z,misc,1
2023-06-15T21:56:52.344Z,pwn,1
2023-06-15T21:14:06.941Z,misc,1
2023-06-15T21:07:47.068Z,web,1
2023-06-15T20:12:47.066Z,web,1
2023-06-15T20:03:58.457Z,misc,1
2023-06-15T19:43:55.166Z,pwn,1
2023-06-15T19:30:14.809Z,misc,1
2023-06-11T07:00:28.704Z,pwn,1
2023-06-11T04:42:57.770Z,web,1
2023-06-11T04:33:16.238Z,crypto,1
2023-06-11T03:00:49.342Z,crypto,1
2023-06-11T02:36:37.838Z,crypto,1
2023-06-10T22:53:18.645Z,web,1
2023-06-10T05:25:58.095Z,pwn,1
2023-06-10T04:53:20.903Z,crypto,1
2023-06-10T03:16:49.703Z,rev,1
2023-06-10T02:27:57.968Z,misc,1
2023-06-10T02:11:30.814Z,misc,1
2023-06-04T20:20:17.470Z,crypto,1
2023-06-04T18:23:32.220Z,forensics,1
2023-06-04T16:05:36.753Z,crypto,1
2023-06-04T14:06:19.437Z,crypto,1
2023-06-03T20:02:49.054Z,pwn,1
2023-06-03T19:57:46.946Z,forensics,1
2023-06-03T19:03:34.033Z,pwn,1
2023-06-03T07:51:50.213Z,forensics,1
2023-06-03T07:07:06.647Z,web,1
2023-06-03T06:45:47.664Z,web,1
2023-06-03T05:29:21.013Z,crypto,1
2023-06-03T03:42:43.829Z,crypto,1
2023-06-03T02:10:24.634Z,misc,1
2023-06-02T21:12:51.612Z,misc,1
2023-06-02T21:08:10.549Z,misc,1
2023-06-02T21:06:11.509Z,pwn,1
2023-06-02T19:52:57.710Z,forensics,1
2023-06-02T18:55:06.310Z,web,1
2023-06-02T18:18:11.632Z,web,1
2023-06-02T16:12:24.303Z,misc,1
2023-05-21T06:04:22.855Z,pwn,1
2023-05-21T05:12:54.402Z,web,1
2023-05-21T00:19:07.463Z,crypto,1
2023-05-20T14:44:27.810Z,crypto,1
2023-05-20T07:33:12.600Z,web,1
2023-05-20T04:23:50.722Z,rev,1
2023-05-20T04:05:58.433Z,web,1
2023-05-19T23:18:02.115Z,crypto,1
2023-05-19T22:40:05.286Z,crypto,1
2023-05-19T22:15:22.020Z,crypto,1
2023-05-19T21:50:59.258Z,pwn,1
2023-05-19T21:11:53.036Z,web,1
2023-05-19T20:59:26.834Z,pwn,1
2023-05-19T19:42:59.614Z,crypto,1
2023-05-19T19:20:21.044Z,misc,1
2023-05-19T19:08:39.107Z,pwn,1
2023-05-19T19:02:26.037Z,crypto,1
2023-05-19T18:47:12.373Z,misc,1
2023-05-19T18:45:40.213Z,rev,1
2023-05-19T17:58:47.646Z,crypto,1
2023-05-19T17:36:06.535Z,web,1
2023-05-19T17:26:22.773Z,web,1
2023-05-19T15:32:18.622Z,pwn,1
2023-05-19T14:14:50.107Z,pwn,1
2023-05-14T05:36:44.834Z,pwn,1
2023-05-14T03:22:11.439Z,misc,1
2023-05-13T22:31:20.780Z,misc,1
2023-05-13T19:26:29.955Z,web,1
2023-05-13T19:06:29.923Z,misc,1
2023-05-13T18:21:58.157Z,crypto,1
2023-05-13T17:45:38.914Z,web,1
2023-04-29T20:21:54.440Z,rev,1
2023-04-29T20:00:40.588Z,crypto,1
2023-04-29T19:39:02.745Z,rev,1
2023-04-29T18:58:06.272Z,rev,1
2023-04-29T17:27:42.277Z,pwn,1
2023-04-29T16:42:43.754Z,crypto,1
2023-04-29T16:35:39.050Z,crypto,1
2023-04-29T04:54:26.047Z,pwn,1
2023-04-29T04:43:38.115Z,pwn,1
2023-04-29T04:43:07.499Z,web,1
2023-04-29T04:34:49.329Z,pwn,1
2023-04-29T04:08:40.212Z,pwn,1
2023-04-29T03:53:10.326Z,pwn,1
2023-04-29T03:47:55.671Z,pwn,1
2023-04-29T02:46:25.712Z,misc,1
2023-04-29T02:18:54.659Z,misc,1
2023-04-29T02:17:27.289Z,misc,1
2023-04-29T02:01:14.220Z,misc,1
2023-04-29T01:58:28.217Z,web,1
2023-04-29T01:31:39.061Z,web,1
2023-04-26T22:06:09.600Z,crypto,1
2023-04-26T22:04:11.715Z,crypto,1
2023-04-26T16:54:17.391Z,rev,1
2023-04-26T05:18:47.464Z,misc,1
2023-04-26T03:56:16.340Z,forensics,1
2023-04-26T02:03:35.188Z,web,1
2023-04-25T22:47:39.418Z,misc,1
2023-04-25T20:43:39.885Z,web,1
2023-04-25T20:20:55.492Z,pwn,1
2023-04-25T19:43:31.596Z,pwn,1
2023-04-25T19:26:38.277Z,misc,1
2023-04-25T19:02:16.119Z,pwn,1
2023-04-25T18:47:20.608Z,misc,1
2023-04-25T18:30:45.206Z,crypto,1
2023-04-25T18:10:45.412Z,pwn,1
2023-04-25T17:43:43.333Z,web,1
2023-04-25T17:43:23.368Z,web,1
2023-04-25T17:33:23.924Z,rev,1
2023-04-25T17:33:21.814Z,web,1
2023-04-25T17:25:03.143Z,web,1
2023-04-25T17:01:41.105Z,crypto,1
2023-04-23T21:02:22.150Z,crypto,1
2023-04-23T21:01:25.149Z,rev,1
2023-04-23T19:47:40.544Z,crypto,1
2023-04-23T17:54:52.061Z,web,1
2023-04-23T05:02:22.727Z,crypto,1
2023-04-23T04:37:45.963Z,pwn,1
2023-04-23T03:41:07.192Z,pwn,1
2023-04-23T03:15:28.854Z,pwn,1
2023-04-22T23:44:36.509Z,rev,1
2023-04-22T22:43:33.584Z,pwn,1
2023-04-22T22:06:43.517Z,rev,1
2023-04-22T21:32:22.176Z,rev,1
2023-04-22T21:24:30.999Z,forensics,1
2023-04-22T20:45:57.989Z,pwn,1
2023-04-22T18:24:04.176Z,web,1
2023-04-22T13:43:26.200Z,pwn,1
2023-04-22T06:52:03.931Z,rev,1
2023-04-22T04:56:02.067Z,pwn,1
2023-04-22T03:28:21.993Z,forensics,1
2023-04-21T23:57:27.146Z,web,1
2023-04-21T23:33:50.965Z,forensics,1
2023-04-21T23:28:16.392Z,forensics,1
2023-04-21T23:18:56.511Z,pwn,1
2023-04-21T22:58:28.393Z,crypto,1
2023-04-21T22:44:18.014Z,crypto,1
2023-04-21T22:35:25.701Z,rev,1
2023-04-21T21:39:51.323Z,web,1
2023-04-16T15:19:15.492Z,crypto,1
2023-04-16T05:39:03.949Z,misc,1
2023-04-16T01:37:37.896Z,web,1
2023-04-15T21:06:53.888Z,misc,1
2023-04-15T18:57:33.991Z,rev,1
2023-04-15T18:35:38.375Z,rev,1
2023-04-14T23:11:11.675Z,misc,1
2023-04-09T06:33:26.257Z,rev,1
2023-04-09T02:15:19.741Z,rev,1
2023-04-09T01:25:47.007Z,pwn,1
2023-04-08T23:58:44.630Z,web,1
2023-04-08T21:44:39.926Z,web,1
2023-04-08T21:31:06.169Z,pwn,1
2023-04-08T20:30:41.823Z,crypto,1
2023-04-08T20:07:13.617Z,misc,1
2023-04-08T19:47:20.635Z,rev,1
2023-04-08T19:07:25.583Z,pwn,1
2023-04-08T19:01:37.224Z,pwn,1
2023-04-08T18:46:15.268Z,pwn,1
2023-04-08T18:44:59.121Z,crypto,1
2023-04-08T17:02:15.546Z,misc,1
2023-04-08T17:00:11.819Z,crypto,1
2023-04-02T00:57:08.195Z,web,1
2023-04-02T00:30:16.085Z,forensics,1
2023-04-01T23:34:05.085Z,forensics,1
2023-04-01T17:30:49.806Z,rev,1
2023-04-01T03:00:14.554Z,pwn,1
2023-04-01T01:02:32.201Z,crypto,1
2023-03-31T23:31:59.548Z,rev,1
2023-03-31T22:51:37.085Z,misc,1
2023-03-31T22:44:56.209Z,misc,1
2023-03-31T22:08:44.042Z,forensics,1
2023-03-31T21:49:43.813Z,crypto,1
2023-03-31T21:47:47.741Z,misc,1
2023-03-31T21:47:11.519Z,misc,1
2023-03-31T21:45:08.461Z,misc,1
2023-03-31T21:44:48.009Z,misc,1
2023-03-31T21:44:30.173Z,misc,1
2023-03-31T21:44:08.134Z,misc,1
2023-03-31T21:43:51.541Z,pwn,1
2023-03-31T21:39:41.915Z,rev,1
2023-03-31T21:31:41.381Z,forensics,1
2023-03-31T21:31:01.566Z,web,1
2023-03-31T21:30:35.394Z,web,1
2023-03-31T21:27:38.805Z,forensics,1
2023-03-31T21:23:03.592Z,crypto,1
2023-03-31T21:22:27.569Z,web,1
2023-03-31T21:21:49.235Z,web,1
2023-03-31T21:21:30.741Z,misc,1
2023-03-31T21:21:24.575Z,rev,1
2023-03-31T21:21:09.308Z,forensics,1
2023-03-31T21:21:02.354Z,pwn,1
2023-03-31T21:20:53.642Z,misc,1
2023-03-31T21:20:16.562Z,misc,1
2023-03-05T00:14:39.783Z,misc,1
2023-03-04T22:33:34.487Z,pwn,1
2023-03-04T22:04:20.895Z,misc,1
2023-02-19T05:40:42.937Z,crypto,1
2023-02-19T05:39:12.644Z,crypto,1
2023-02-19T05:38:36.345Z,pwn,1
2023-02-18T20:14:02.053Z,web,1
2023-02-12T22:52:17.745Z,pwn,1
2023-02-12T19:25:03.799Z,pwn,1
2023-02-12T02:34:10.908Z,crypto,1
2023-02-12T01:37:26.386Z,web,1
2023-02-11T22:36:41.905Z,rev,1
2023-02-11T21:33:28.132Z,crypto,1
2023-02-11T19:06:14.393Z,rev,1
2023-02-11T18:48:50.873Z,pwn,1
2023-02-11T18:15:31.439Z,rev,1
2023-02-11T15:35:45.552Z,crypto,1
2023-02-11T07:16:59.563Z,crypto,1
2023-02-11T06:53:07.232Z,crypto,1
2023-02-11T06:17:07.612Z,misc,1
2023-02-11T06:04:33.864Z,rev,1
2023-02-11T05:49:27.124Z,crypto,1
2023-02-11T05:47:53.468Z,rev,1
2023-02-11T05:38:04.955Z,misc,1
2023-02-11T05:18:19.739Z,crypto,1
2023-02-11T05:12:09.238Z,web,1
2023-02-11T04:57:12.190Z,crypto,1
2023-02-11T04:52:51.924Z,crypto,1
2023-02-11T04:47:29.659Z,rev,1
2023-02-11T04:38:35.510Z,misc,1
2023-02-11T04:37:02.232Z,web,1
2023-02-11T04:13:50.043Z,misc,1
2023-02-04T22:35:04.242Z,misc,1
2023-02-04T21:07:17.871Z,rev,1
2023-02-04T06:22:54.632Z,pwn,1
2023-02-04T05:24:59.770Z,web,1
2023-02-04T00:31:44.061Z,crypto,1
2023-02-04T00:10:43.900Z,crypto,1
2023-01-21T22:02:20.784Z,crypto,1
2023-01-21T09:56:13.401Z,crypto,1
2022-12-03T08:25:32.146Z,rev,1
2022-12-03T07:16:03.858Z,forensics,1
2022-12-03T06:52:56.049Z,pwn,1
2022-12-03T04:47:44.133Z,pwn,1
2022-12-03T04:32:23.627Z,pwn,1
2022-12-03T03:16:50.278Z,web,1
2022-12-03T00:51:44.984Z,forensics,1
2022-12-03T00:34:52.340Z,crypto,1
2022-12-02T23:30:42.334Z,crypto,1
2022-12-02T17:55:06.777Z,rev,1
2022-12-02T17:30:39.150Z,rev,1
2022-11-27T13:07:27.630Z,crypto,1
2022-11-26T23:07:13.584Z,web,1
2022-11-26T22:12:32.737Z,crypto,1
2022-11-26T13:41:22.415Z,crypto,1
2022-11-19T19:50:41.900Z,pwn,1
2022-11-19T05:14:46.637Z,web,1
2022-11-19T04:58:23.095Z,crypto,1
2022-11-19T02:47:24.720Z,forensics,1
2022-11-19T02:47:00.190Z,misc,1
2022-11-19T02:33:24.240Z,rev,1
2022-11-19T01:33:26.654Z,web,1
2022-11-19T01:11:00.213Z,pwn,1
2022-11-13T05:33:42.469Z,web,1
2022-11-13T04:41:17.190Z,rev,1
2022-11-13T04:30:56.846Z,rev,1
2022-11-13T03:49:32.035Z,crypto,1
2022-11-13T02:32:39.937Z,pwn,1
2022-11-13T02:30:30.588Z,crypto,1
2022-11-13T02:20:56.865Z,pwn,1
2022-11-12T22:58:35.727Z,web,1
2022-11-12T22:28:58.952Z,misc,1
2022-11-12T21:33:02.632Z,misc,1
2022-11-12T21:17:18.656Z,misc,1
2022-11-12T19:02:38.413Z,crypto,1
2022-11-12T16:06:01.262Z,misc,1
2022-11-12T07:09:37.368Z,misc,1
2022-11-12T05:27:35.941Z,misc,1
2022-11-06T23:00:47.967Z,forensics,1
2022-11-06T22:57:11.129Z,web,1
2022-11-06T22:56:59.470Z,misc,1
2022-11-06T22:56:50.616Z,rev,1
2022-11-06T22:56:41.236Z,rev,1
2022-11-05T00:26:22.852Z,misc,1